playerName,teamId,position,pass_rush_snaps
A'Shawn Robinson,0750,DE,18
A.J. Arcuri,2510,T,126
A.J. Epenesa,0610,DE,42
A.J. Green,2510,CB,57
A.J. Henning,2700,WR,39
A.J. Woods,3700,CB,12
A.T. Perry,1400,WR,9
AJ Barner,4600,TE,10
AJ Dillon,3700,RB,22
Aaron Banks,1800,G,10
Aaron Brewer,2700,G,28
Aaron Shampklin,2700,RB,16
Aaron Smith,3430,LB,67
Aaron Stinnie,3410,G,92
Abdul Carter,3410,DE,27
Abraham Lucas,4600,T,37
Adam Butler,2520,DT,25
Adam Gotsis,4900,DT,36
Adam Prentice,1400,FB,14
Adam Thielen,0750,WR,12
Adam Trautman,1400,TE,24
Addison West,2700,G,72
Adedayo Odeleye,0325,DE,35
Adetomiwa Adebawore,2200,DT,52
Adin Huntington,1050,DE,59
Adisa Isaac,0325,OLB,29
Adonai Mitchell,2200,WR,79
Adoree' Jackson,3700,CB,39
Adrian Martinez,3430,QB,91
Aeneas Peebles,0325,DT,77
Ahmani Marshall,1050,RB,55
Ahmed Hassanein,1540,DE,38
Aidan O'Connell,2520,QB,82
Aiden Williams,3900,T,50
Ainias Smith,3700,WR,80
Aireontae Ersery,2120,T,33
Ajani Carter,2310,DB,34
Ajani Cornelius,1200,T,87
Ajou Ajou,2200,WR,42
Akayleb Evans,0750,CB,44
Akeem Davis-Gaither,3800,OLB,31
Al-Quadin Muhammad,1540,DE,67
Albert Okwuegbunam,2520,TE,33
Ale Kaho,5110,LB,81
Alec Lindstrom,3200,C,66
Alex Austin,3200,CB,60
Alex Bachman,2520,WR,66
Alex Cappa,2520,G,10
Alex Cook,0810,SS,97
Alex Forsyth,1400,C,94
Alex Huntley,2700,DT,40
Alex Johnson,2200,CB,88
Alex Palczewski,1400,T,83
Alex Singleton,1400,ILB,10
Alex Wright,1050,DE,22
Alexander Mattison,2700,RB,9
Alfred Collins,4500,DT,67
Ali Gaye,2100,DE,101
Alijah Clark,1200,DB,69
Alijah Vera-Tucker,3430,G,28
Allan George,1540,CB,60
Allan George,5110,CB,28
Allen Lazard,3430,WR,10
Alohi Gilman,4400,SS,8
Alphonzo Tuputala,4600,LB,22
Alvin Kamara,3300,RB,1
Amani Hooker,2100,FS,27
Amani Oruwariye,2100,CB,82
Amar Johnson,1800,RB,48
Amari Burney,2100,OLB,51
Amari Gainer,2520,OLB,8
Amari Kight,4600,T,95
Amarius Mims,0920,T,38
Ambry Thomas,3000,CB,52
Ameer Abdullah,4500,RB,5
Amen Ogbongbemiga,0810,ILB,28
Andre Baccellia,3800,WR,47
Andre Carter II,2520,OLB,50
Andre Cisco,3430,SS,22
Andre James,4400,C,72
Andre Jones Jr.,5110,DE,112
Andre' Sam,3700,FS,104
Andrei Iosivas,0920,WR,29
Andrew Armstrong,2700,WR,61
Andrew Beck,3430,FB,35
Andrew Billings,0810,DT,36
Andrew Booth,1200,CB,68
Andrew Coker,0920,T,114
Andrew Farmer,1400,OLB,39
Andrew Mukuba,3700,DB,24
Andrew Ogletree,2200,TE,37
Andrew Raym,0920,C,94
Andrew Rupcich,2100,T,119
Andrew Stueber,0920,T,97
Andrew Vorhees,0325,G,28
Andrew Wingard,2250,FS,29
Andrew Wylie,5110,T,7
Andru Phillips,3410,CB,26
Andrus Peat,3900,G,66
Andy Dalton,0750,QB,27
Anfernee Jennings,3200,OLB,50
Anthony Belton,1800,T,126
Anthony Booker,2520,DT,19
Anthony Bradford,4600,G,37
Anthony Campbell,4600,DT,19
Anthony Goodlow,3800,DE,90
Anthony Gould,2200,WR,77
Anthony Miller,0325,WR,55
Anthony Nelson,4900,OLB,14
Anthony Pittman,1540,OLB,110
Anthony Richardson,2200,QB,24
Anthony Torres,2510,TE,27
Anthony Tyus III,4600,RB,41
Anton Harrison,2250,T,11
Antonio Gibson,3200,RB,23
Antonio Grier Jr.,4900,ILB,43
Antonio Hamilton,5110,CB,59
Antonio Johnson,2250,FS,62
Antwane Wells Jr.,3410,WR,54
Antwaun Powell-Ryland,3700,LB,56
Arden Key,2100,OLB,20
Arian Smith,3430,WR,78
Arlington Hambright,2100,G,8
Armand Membou,3430,T,55
Arnold Ebiketie,0200,OLB,24
Arron Mosby,1800,DE,99
Art Green,3410,CB,50
Arthur Maulet,2120,CB,48
Ashton Dulin,2200,WR,53
Ashton Gillotte,2310,DE,83
Ashton Jeanty,2520,RB,25
Asim Richards,1200,T,92
Atonio Mafi,2520,G,81
Audric EstimÃ©,1400,RB,51
Austen Pleasants,4500,T,87
Austin Ajiake,2200,MLB,64
Austin Booker,0810,DE,36
Austin Corbett,0750,C,16
Austin Deculus,2120,T,138
Austin Hooper,3200,TE,24
Austin Johnson,2250,DT,26
Austin Keys,3000,LB,83
Austin Reed,0810,QB,38
Austin Schlottmann,3410,C,105
Austin Trammell,2250,WR,66
Avonte Maddox,1540,CB,75
Aydan White,2250,DB,75
Azeez Al-Shaair,2120,ILB,11
Azeez Ojulari,3700,DE,52
Azizi Hearn,2310,CB,29
BJ Adams,2700,DB,46
BJ Green II,2250,DE,66
BJ Mayes,2200,DB,49
Bailey Zappe,2310,QB,42
Bam Knight,3800,RB,28
Bam Martin-Scott,0750,LB,64
Baron Browning,3800,OLB,10
Barrett Carter,0920,LB,53
Barry Wesley,3300,T,88
Barryn Sorrell,1800,DE,37
Basil Okoye,0325,DT,73
Baylor Cupp,0325,TE,19
Beanie Bishop Jr.,3900,CB,43
Beau Brade,0325,FS,75
Beaux Collins,3410,WR,42
Beaux Limmer,2510,C,73
Ben Bartch,4500,G,12
Ben Bredeson,4900,G,19
Ben Brown,3200,G,68
Ben Cleveland,0325,G,69
Ben DiNucci,0200,QB,9
Ben Dooley,2510,T,98
Ben Nikkel,5110,DB,96
Ben Powers,1400,G,37
Ben Scott,4900,C,102
Ben Sims,1800,TE,55
Ben Sinnott,5110,TE,52
Ben Skowronek,3900,WR,3
Ben Stille,2700,DT,48
Ben VanSumeren,3700,FB,8
Ben Wooldridge,3200,QB,107
Ben Yurosek,3000,TE,51
Benito Jones,2700,DT,19
Benjamin Chukwuma,4900,T,124
Benjamin St-Juste,4400,CB,17
Benton Whitley,3800,OLB,87
Bhayshul Tuten,2250,RB,32
Bilhal Kone,0325,DB,14
Bill Norton,2510,DT,58
Billy Bowman Jr.,0200,DB,34
Blake Brandel,3000,G,33
Blake Corum,2510,RB,28
Blake Fisher,2120,T,52
Blake Freeland,2200,T,79
Blake Hance,2100,G,54
Blake Lynch,2100,OLB,27
Blake Watson,1400,RB,63
Blake Whiteheart,1050,TE,33
Blayne Taylor,2200,WR,63
Bo Melton,1800,WR,71
Bo Nix,1400,QB,37
Bo Richter,3000,OLB,78
Bobby Brown III,0750,NT,30
Bobby Hart,5110,T,104
Bobby Okereke,3410,MLB,28
Bobby Price,5110,FS,75
Boye Mafe,4600,OLB,10
Braden Smith,2200,T,13
Bradlee Anae,4500,DE,44
Bradley Bozeman,4400,C,7
Bradley Chubb,2700,OLB,10
Brady Christensen,0750,G,71
Brady Cook,3430,QB,75
Brady Russell,4600,TE,52
Bradyn Swinson,3200,LB,82
Braeden Daniels,2700,G,100
Braelon Allen,3430,RB,27
Braiden McGregor,3430,DE,59
Bralen Trice,0200,OLB,39
Bralyn Lux,0920,DB,136
Brandin Cooks,3300,WR,18
Brandin Echols,3900,CB,86
Brandon Allen,2100,QB,73
Brandon Codrington,0610,CB,67
Brandon Coleman,5110,T,10
Brandon Crenshaw-Dickson,2100,T,45
Brandon Crossley,3200,DB,70
Brandon Dorlus,0200,DE,32
Brandon George,2310,LB,52
Brandon Johnson,3700,DB,41
Brandon Johnson,3900,WR,44
Brandon Jones,1400,FS,20
Brandon Parker,0200,T,98
Brandon Pili,4600,NT,35
Brandon Smith,3430,WR,82
Brandon Stephens,3430,FS,22
Brandon Walton,0750,G,98
Branson Combs,2250,LB,58
Branson Taylor,4400,G,112
Brant Banks,1800,G,44
Brashard Smith,2310,RB,43
Braxton Berrios,2120,WR,23
Braxton Jones,0810,T,59
Brayden Willis,4500,TE,92
Braylon Sanders,5110,WR,19
Breece Hall,3430,RB,16
Breiden Fehoko,3900,NT,24
Brenden Bates,1050,TE,70
Brenden Jaimes,2100,G,81
Brenden Rice,4400,WR,80
Brenden Schooler,3200,FS,6
Brennan Jackson,2510,OLB,101
Brennan Presley,2510,WR,96
Brent Urban,0325,DE,18
Brenton Cox Jr.,1800,DE,52
Brenton Strange,2250,TE,23
Brett Rypien,3000,QB,45
Brett Toth,3700,T,115
Brevin Jordan,2120,TE,13
Brian Asamoah,3000,ILB,19
Brian Asamoah II,2100,ILB,17
Brian Burns,3410,OLB,20
Brian O'Neill,3000,T,12
Brian Thomas Jr.,2250,WR,27
Britain Covey,2510,WR,111
British Brooks,2120,RB,24
Brittain Brown,0810,RB,75
Brock Bowers,2520,TE,11
Brock Hoffman,1200,C,142
Brock Purdy,4500,QB,11
Broderick Jones,3900,T,35
Brodric Martin,1540,DT,66
Bruce Harmon,1200,DB,28
Bruce Hector,4500,DT,74
Bryan Bresee,3300,DT,25
Bryan Cook,2310,FS,75
Bryan Hudson,3410,C,81
Bryce Cabeldue,4600,G,106
Bryce Ganious,3200,DT,8
Bryce Hall,4900,CB,51
Bryce Huff,4500,OLB,23
Bryce Oliver,2100,WR,59
Bryce Perkins,0750,QB,29
Bryce Pierre,0750,TE,36
Bryce Young,0750,QB,16
Brycen Tremayne,0750,WR,31
Bryson Green,3800,WR,49
Bryson Nesbit,3000,TE,72
Bub Means,3300,WR,8
Bucky Irving,4900,RB,18
Bucky Williams,1050,C,86
Bud Dupree,4400,OLB,6
Budda Baker,3800,SS,10
Buddy Johnson,1200,ILB,57
Byron Murphy II,4600,DT,10
Byron Young,3700,DT,51
C.J. Brewer,4900,DT,47
C.J. Ham,3000,FB,3
C.J. Hanson,2310,G,108
C.J. Henderson,0200,CB,21
C.J. Ravenell,0325,DE,89
C.J. Stroud,2120,QB,13
CJ Dippre,3200,TE,56
CJ West,4500,DT,24
Cade Mays,0750,G,48
Cade McDonald,1050,WR,77
Cade Otton,4900,TE,17
Cade Stover,2120,TE,28
Caden Prieskorn,1400,TE,64
Caedan Wallace,3200,T,55
Caleb Etienne,0920,T,63
Caleb Johnson,0200,ILB,61
Caleb Lohner,1400,TE,70
Caleb Murphy,4400,OLB,96
Caleb Rogers,2520,G,105
Caleb Williams,0810,QB,39
Calen Bullock,2120,SS,11
Calijah Kancey,4900,DE,7
Calvin Ridley,2100,WR,10
Calvin Throckmorton,1400,G,80
Cam Akers,3300,RB,42
Cam Camper,2250,WR,44
Cam Gill,3000,OLB,58
Cam Grandy,0920,TE,53
Cam Hart,4400,CB,6
Cam Horsley,2100,DT,77
Cam Jackson,0750,NT,48
Cam Jones,2310,ILB,58
Cam Lampkin,2510,CB,110
Cam Lewis,0610,FS,24
Cam Miller,2520,QB,70
Cam Riley,3200,LB,52
Cam Skattebo,3410,RB,10
Cam Smith,2700,CB,44
Cam Taylor-Britt,0920,CB,7
Cam Ward,2100,QB,15
Cam'Ron Silmon-Craig,2250,DB,80
Cameron Dantzler,2700,CB,13
Cameron Goode,2700,OLB,72
Cameron Jordan,3300,DE,12
Cameron Latu,3700,TE,35
Cameron McCutcheon,3900,CB,12
Cameron McGrone,2200,MLB,43
Cameron Mitchell,1050,CB,51
Cameron Sample,0920,DE,26
Cameron Thomas,1050,DE,57
Cameron Ward,2100,QB,25
Cameron Williams,3700,T,89
Camryn Bynum,2200,FS,12
Car'lin Vigers,5110,DB,143
Carl Davis,5110,NT,58
Carl Granderson,3300,DE,12
Carl Jones,0810,ILB,49
Carlos Basham,0750,OLB,70
Carlos Watkins,2100,DE,51
Carlton Davis III,3200,CB,6
Carrington Valentine,1800,CB,14
Carson Bruener,3900,LB,64
Carson Schwesinger,1050,LB,21
Carson Steele,2310,RB,38
Carson Vinson,0325,T,167
Carter Bradley,4500,QB,73
Carter Runyon,2520,TE,44
Carter Warren,3430,T,108
Case Keenum,0810,QB,22
Casey Rogers,0610,DT,49
Casey Toohill,2120,DE,71
Casey Washington,0200,WR,11
Cedric Gray,2100,ILB,92
Cedric Tillman,1050,WR,13
Cedrick Wilson Jr.,3300,WR,86
Cesar Ruiz,3300,C,40
Chad Muma,2250,ILB,90
Chamarri Conner,2310,FS,42
Chance Campbell,3700,ILB,20
Chandler Brayboy,2250,WR,39
Chandler Martin,0325,LB,84
Chandler Zavala,0750,G,18
Channing Tindall,2700,ILB,107
Charles Grant,2520,T,99
Charles Omenihu,2310,DE,59
Charles Snowden,2520,OLB,77
Charles Woods,2510,CB,82
Charlie Heck,4900,T,34
Charlie Jones,0920,WR,42
Charlie Kolar,0325,TE,52
Charlie Thomas,1050,MLB,27
Charvarius Ward,2200,CB,12
Chase Brown,0920,RB,19
Chase Cota,1050,WR,35
Chase Lucas,4500,CB,131
Chase Lundt,0610,T,141
Chase Young,3300,DE,11
Chau Smith-Wade,0750,CB,18
Chauncey Golston,3410,DE,35
Chaz Chambliss,3000,LB,108
Chazz Surratt,4500,ILB,59
Chig Okonkwo,2100,TE,33
Chigozie Anusiem,1050,CB,28
Chimere Dike,2100,WR,52
Chop Robinson,2700,OLB,12
Chris Blair,0200,WR,103
Chris Board,3410,ILB,41
Chris Braswell,4900,OLB,76
Chris Brooks,1800,RB,23
Chris Collier,2520,RB,40
Chris Edmonds,1050,SS,100
Chris Glaser,0810,G,101
Chris Jones,2310,DT,17
Chris Lammons,2200,CB,65
Chris Manhertz,3410,TE,7
Chris Moore,5110,WR,27
Chris Myarick,2700,TE,47
Chris Oladokun,2310,QB,36
Chris Olave,3300,WR,30
Chris Paul,5110,G,89
Chris Rodriguez Jr.,5110,RB,35
Chris Rumph II,3300,DE,89
Chris Smith,1540,DT,105
Chris Smith II,2520,SS,82
Chris Williams,0810,DT,55
Christian Benford,0610,CB,17
Christian Braswell,2250,CB,54
Christian Elliss,3200,ILB,23
Christian Harris,2120,ILB,12
Christian Haynes,4600,G,54
Christian Holmes,1050,CB,14
Christian Izien,4900,SS,32
Christian Jones,3800,T,16
Christian Kirk,2120,WR,9
Christian Matthew,1200,CB,53
Christian Roland-Wallace,2310,CB,73
Christian Rozeboom,0750,ILB,24
Christopher Hinton,4400,DT,100
Chuba Hubbard,0750,RB,10
Chuck Clark,3900,SS,86
Chukwuebuka Godrick,2310,T,67
Chukwuma Okorafor,3430,T,31
Chuma Edoga,2250,T,11
Clarence Lewis,2100,DB,34
Claudin Cherelus,0750,ILB,14
Clay Webb,1400,G,68
Clayton Tune,3800,QB,102
Clelin Ferrell,5110,DE,74
Clyde Edwards-Helaire,3300,RB,28
Cobee Bryant,0200,DB,43
Coby Bryant,4600,CB,10
Cody Barton,2100,MLB,27
Cody Ford,0920,G,16
Cody Lindenberg,2520,LB,66
Cody Mauch,4900,G,19
Cody Schrader,2510,RB,74
Cody Simon,3800,ILB,29
Cody Simon,3800,LB,63
Cody White,4600,WR,60
Colby Sorsdal,1540,T,25
Colby Wooden,1800,DT,43
Cole Bishop,0610,CB,21
Cole Burgess,0920,WR,43
Cole Christiansen,2310,ILB,78
Cole Fotheringham,3200,TE,64
Cole Holcomb,3900,ILB,78
Cole Kmet,0810,TE,24
Cole Strange,3200,G,75
Cole Turner,5110,TE,51
Coleman Owen,2200,WR,86
Collin Johnson,2520,WR,56
Colson Yankoff,5110,RB,34
Colston Loveland,0810,TE,33
Colton McKivitz,4500,T,11
Connor Bazelak,4900,QB,76
Connor Colby,4500,G,99
Connor Heyward,3900,TE,55
Connor McGovern,0610,C,14
Connor O'Toole,4600,DE,91
Conor McDermott,2120,T,42
Cooper Beebe,1200,C,11
Cooper Kupp,4600,WR,7
Cooper McDonald,2310,LB,71
Cooper Rush,0325,QB,79
Cordale Flott,3410,CB,24
Cordell Volson,0920,G,22
Corey Ballentine,1800,CB,42
Corey Bullock,0325,T,73
Corey Kiner,4500,RB,33
Corey Levin,2100,C,40
Corey Stewart,4400,T,196
Corey Thornton,0750,DB,73
Cornelius Johnson,1800,WR,70
Cornelius Lucas,1050,T,27
Cornell Armstrong,2700,CB,43
Cornell Powell,2120,WR,30
Cory Durden,3410,DT,53
Courtland Sutton,1400,WR,35
Courtney Jackson,1400,WR,46
Coziah Izzard,2310,DT,58
Craig Reynolds,1540,RB,52
Craig Woodson,3200,DB,71
Craig Young,0920,LB,67
Creed Humphrey,2310,C,40
Curtis Jacobs,2100,ILB,49
Curtis Robinson,4500,ILB,22
D'Andre Swift,0810,RB,18
D'Angelo Ross,2120,CB,63
D'Anthony Bell,4600,SS,111
D'Ernest Johnson,0325,RB,87
D'Eryk Jackson,4600,LB,80
D'Marco Jackson,3300,MLB,62
D'Shawn Jamison,3900,CB,58
D.J. Ivey,0920,CB,90
D.J. Jones,1400,NT,10
D.J. Miller,1540,DB,57
D.J. Montgomery,2200,WR,25
D.J. Wonnum,0750,OLB,24
DJ Chark,0200,WR,27
DJ Davidson,3410,DT,51
DJ Giddens,2200,RB,53
DJ Glaze,2520,T,34
DJ James,3200,DB,40
DJ Johnson,0750,OLB,21
DJ Moore,0810,WR,38
DJ Turner II,0920,CB,14
DJ Uiagalelei,4400,QB,62
Da'Jon Terry,2510,DT,49
Da'Quan Felton,3410,WR,23
Da'Shawn Hand,4400,DE,16
DaQuan Jones,0610,DT,11
DaRon Gilbert,1540,LB,59
DaVon Hamilton,2250,DT,14
Dadrion Taylor-Demerson,3800,FS,30
Daequan Hardy,0610,CB,89
Daijahn Anthony,0920,FS,75
Daiyan Henley,4400,ILB,9
Dalen Cambre,3410,WR,39
Dalevon Campbell,4400,WR,105
Dallas Gant,3700,ILB,72
Dallas Turner,3000,OLB,9
Dallis Flowers,4500,CB,99
Dalton Cooper,2310,T,36
Dalton Keene,2120,TE,6
Dalton Kincaid,0610,TE,4
Dalton Schultz,2120,TE,17
Dalton Tucker,2200,G,110
Dalton Wagner,2520,T,47
Dalvin Tomlinson,3800,DT,5
Dalys Beanum,3300,DB,47
Damar Hamlin,0610,SS,59
Damarion Williams,4600,CB,128
Damarri Mathis,1400,CB,68
Dameon Pierce,2120,RB,10
Damien Martinez,4600,RB,63
Damon Arnette,2120,CB,57
Damone Clark,1200,ILB,41
Damontae Kazee,1050,SS,43
Dan Feeney,0610,C,70
Dan Jackson,1540,DB,33
Dan Moore Jr.,2100,T,36
Dan Skipper,1540,T,76
Dane Belton,3410,SS,57
Dane Jackson,0610,CB,110
Daniel Bellinger,3410,TE,6
Daniel Brunskill,2700,C,68
Daniel Ekuale,3900,DT,47
Daniel Faalele,0325,T,28
Daniel Hardy,0810,DE,60
Daniel Jackson,2120,WR,42
Daniel Jones,2200,QB,43
Daniel Scott,2200,FS,131
Daniel Thomas,2250,SS,52
Danielle Hunter,2120,DE,9
Danny Pinter,2200,C,32
Danny Striggow,2250,DE,81
Danny Stutsman,3300,LB,68
Dante Miller,3410,RB,95
Dante Pettis,3300,WR,64
Dante Stills,3800,DT,15
Dante Trader Jr.,2700,DB,5
Dare Ogunbowale,2120,RB,18
Dareke Young,4600,WR,66
Darian Kinnard,3700,T,91
Darien Porter,2520,DB,71
Darius Alexander,3410,DT,58
Darius Cooper,3700,WR,104
Darius Harris,1200,ILB,105
Darius Lassiter,2250,WR,25
Darius Muasau,3410,ILB,36
Darius Robinson,3800,DT,8
Darius Rush,1050,CB,18
Darius Slay,3900,CB,7
Darius Slayton,3410,WR,10
Darnay Holmes,2520,CB,30
Darnell Savage,2250,SS,33
Darnell Washington,3900,TE,30
Darnell Wright,0810,T,39
Daron Payne,5110,DT,10
Darrell Baker Jr.,2100,CB,27
Darrell Luter Jr.,4500,CB,88
Darrell Taylor,2120,DE,45
Darren Hall,3800,FS,117
Darrian Dalcourt,0325,G,57
Darrick Forrest,0610,FS,115
Darrynton Evans,0610,RB,14
Dartanyan Tinsley,1050,T,46
Daryl Porter,3900,DB,80
Daryl Worley,5110,FS,64
David Edwards,0610,G,14
David Gbenda,2100,LB,18
David Martin-Robinson,2100,TE,38
David Moore,0750,WR,62
David Njoku,1050,TE,12
David Ojabo,0325,OLB,77
David Olajiga,3200,DT,48
David Quessenberry,2510,T,49
David Sharpe,4400,T,94
David Sills,0200,WR,17
Davion Ross,2100,DB,42
Davis Allen,2510,TE,36
Davis Mills,2120,QB,29
Davon Godchaux,3300,NT,11
Dawand Jones,1050,T,34
Dawson Knox,0610,TE,8
Dawuane Smoot,2250,DE,31
Daxton Hill,0920,CB,7
Dayo Odeyingbo,0810,DE,22
Dayton Wade,0325,WR,56
De'Von Achane,2700,RB,8
DeAngelo Malone,0200,OLB,94
DeForest Buckner,2200,DT,9
DeMarcco Hellams,0200,SS,15
DeMario Douglas,3200,WR,15
DeMarvin Leal,3900,DE,97
DeShon Elliott,3900,FS,7
DeWayne Carter,0610,DT,69
Dean Clark,3430,DB,119
Deane Leonard,4400,CB,31
Deantre Prince,2250,CB,59
Deatrich Wise,5110,DE,15
Decamerion Richardson,2520,CB,69
Decarius Hawthorne,2510,DT,42
Dee Alford,0200,CB,46
Dee Eskridge,2700,WR,56
Dee Williams,3410,CB,77
Dee Winters,4500,ILB,25
DeeJay Dallas,3800,RB,13
Deebo Samuel Sr.,5110,WR,4
Deion Hankins,0810,RB,26
Deion Jones,4900,ILB,85
Del'Shawn Phillips,4400,OLB,17
Delarrin Turner-Yell,1400,FS,42
Dell Pettus,3200,FS,81
Demani Richardson,0750,SS,91
Demarcus Robinson,4500,WR,64
Demario Davis,3300,MLB,19
Demetric Felton,5110,RB,33
Demetrius Knight Jr.,0920,LB,21
Demone Harris,4500,DE,17
Demontrey Jacobs,3200,T,130
Dennis Gardeck,2250,OLB,6
Dennis Houston,4900,WR,5
Denzel Burke,3800,DB,85
Denzel Daxon,1200,DT,51
Denzel Perryman,4400,ILB,9
Deommodore Lenoir,4500,CB,13
Deon Bush,2310,SS,3
Deon Cain,0610,WR,41
Deon Jackson,1540,RB,12
Deone Walker,0610,DT,62
Deonte Banks,3410,CB,20
Dequan Jackson,2700,ILB,60
Derek Barnett,2120,DE,11
Derek Stingley Jr.,2120,CB,10
Derick Hall,4600,OLB,10
Derion Kendrick,2510,CB,111
Derius Davis,4400,WR,24
Derrick Brown,0750,DE,3
Derrick Canteen,4500,DB,141
Derrick Harmon,3900,DT,64
Derrick McLendon,2700,DE,82
Derrick Nnadi,3430,DT,65
Desjuan Johnson,2510,DT,100
Deslin Alexandre,1800,OLB,79
Desmond Evans,2100,DE,32
Desmond Igbinosun,0325,DB,36
Desmond Little,2200,DE,59
Desmond Ridder,0920,QB,59
Deuce Vaughn,1200,RB,47
Devaughn Vele,1400,WR,18
Devin Bush,1050,ILB,34
Devin Cochran,0920,T,23
Devin Culp,4900,TE,53
Devin Duvernay,0810,WR,12
Devin Harper,3900,ILB,39
Devin Leary,0325,QB,116
Devin Lloyd,2250,ILB,22
Devin Neal,3300,RB,18
Devin Singletary,3410,RB,15
Devin White,2520,ILB,26
Devon Key,1400,SS,43
Devon Witherspoon,4600,CB,10
Devonta Davis,2200,DT,46
Devonte O'Malley,1800,DT,9
Devonte Wyatt,1800,DT,9
Devontez Walker,0325,WR,101
Dez Fitzpatrick,4400,WR,11
Dicaprio Bootle,1540,CB,51
Dillon Gabriel,1050,QB,57
Dillon Radunz,3300,T,78
Dion Dawkins,0610,T,14
Diontae Johnson,1050,WR,67
Dom Jones,1050,DB,60
Domenique Davis,3900,DT,30
Dominic Lovett,1540,WR,68
Dominick Puni,4500,G,11
Dominique Dafney,0750,TE,48
Dominique Hampton,5110,SS,40
Dominique Robinson,0810,DE,47
Dondrea Tillman,1400,OLB,62
Doneiko Slaughter,2250,DB,66
Donovan Edwards,3430,RB,64
Donovan Ezeiruaku,1200,DE,41
Donovan Jackson,3000,G,12
Donovan Jennings,1800,G,119
Donovan McMillon,1050,DB,81
Donovan Peoples-Jones,3300,WR,8
Dont'e Thornton Jr.,2520,WR,53
Dontae Fleming,3000,WR,45
Dontae Manning,0200,DB,44
Donte Jackson,4400,CB,9
Dorance Armstrong,5110,DE,5
Dorian Mausi,3000,LB,59
Dorian Singer,2250,WR,70
Dorian Strong,0610,DB,117
Dorian Thompson-Robinson,3700,QB,30
Dorian Williams,0610,OLB,68
Doug Nester,3900,G,106
Drake Dabney,2100,TE,21
Drake Maye,3200,QB,28
Drake Nugent,4500,C,93
Drake Stoops,2510,WR,96
Drake Thomas,4600,ILB,108
Dre'Mont Jones,2100,OLB,22
Dresser Winn,2510,QB,57
Drew Dalman,0810,C,39
Drew Kendall,3700,C,114
Drew Lock,4600,QB,73
Drew Moss,4500,G,83
Drew Sample,0920,TE,23
Duke Riley,5110,ILB,57
Duke Shelley,2200,CB,63
Durell Nchami,2200,DE,87
Durham Smythe,0810,TE,47
Dvon J-Thomas,4900,DT,38
Dwight McGlothern,3000,CB,96
Dyami Brown,2250,WR,9
Dylan Cook,3900,T,95
Dylan Drummond,0200,WR,79
Dylan Fairchild,0920,G,38
Dylan Horton,2120,DE,29
Dylan Laube,2520,RB,33
Dylan Parham,2520,G,28
Dylan Sampson,1050,RB,13
Dymere Miller,3430,WR,32
Dyontae Johnson,3410,ILB,114
E.J. Jenkins,3700,TE,60
E.J. Speed,2120,OLB,45
Earnest Brown IV,1200,DE,73
Easton Kilty,3300,T,105
Easton Mascarenas-Arnold,1050,LB,86
Easton Stick,0200,QB,125
Ed Ingram,2120,G,43
Ed Oliver,0610,DT,11
Eddie Goldman,5110,NT,64
Edefuan Ulofoshio,0610,MLB,96
Edgerrin Cooper,1800,ILB,14
Efton Chism III,3200,WR,55
Ekow Boye-Doe,3800,CB,64
Eku Leota,3900,OLB,81
Elandon Roberts,2520,ILB,15
Elgton Jenkins,1800,G,10
Eli Cox,2120,C,80
Eli Mostaert,2250,DT,18
Eli Pancol,2250,WR,16
Eli Ricks,3700,CB,70
Elias Neal,2510,ILB,77
Elic Ayomanor,2100,WR,59
Elijah Arroyo,4600,TE,56
Elijah Campbell,2700,SS,39
Elijah Chatman,3410,DT,59
Elijah Cooks,3700,WR,34
Elijah Dotson,0200,RB,47
Elijah Garcia,3410,DE,69
Elijah Hicks,0810,FS,23
Elijah Higgins,3800,TE,39
Elijah Jones,3800,CB,79
Elijah Klein,4900,G,148
Elijah Mitchell,2310,RB,27
Elijah Molden,4400,CB,9
Elijah Moore,0610,WR,45
Elijah Ponder,3200,DE,76
Elijah Roberts,4900,DE,70
Elijah Simmons,3800,DT,72
Elijah Wilkinson,0200,G,75
Elijah Williams,3000,DE,71
Elijah Young,0610,RB,33
Elijah Young,2310,RB,15
Elijhah Badger,2310,WR,19
Elliott Brown,3800,OLB,107
Elliott Davison,3300,DB,58
Emani Bailey,0750,RB,24
Emanuel Wilson,1800,RB,25
Emany Johnson,4400,FS,139
Emari Demercado,3800,RB,40
Emeka Egbuka,4900,WR,29
Emmanuel Ogbah,2250,DE,29
Emory Jones,0200,QB,20
Ennis Rakestraw Jr.,1540,CB,25
Eric Banks,4900,DT,52
Eric Gregory,0920,DT,87
Eric Johnson,2200,DT,69
Eric Murray,2250,FS,16
Eric Rogers,4400,DB,42
Eric Saubert,4600,TE,34
Eric Stokes,2520,CB,36
Eric Watts,3430,DE,67
Eric Wilson,3000,ILB,10
Erick Hallett,1540,SS,127
Erik Ezukanma,2700,WR,61
Erik McCoy,3300,C,14
Ernest Jones,4600,ILB,10
Esa Pole,2310,T,60
Esezi Otomewo,3900,DE,41
Essang Bassey,5110,CB,38
Ethan Bonner,2700,CB,16
Ethan Downs,2250,DE,43
Ethan Pocic,1050,C,8
Ethan Robinson,2700,DB,37
Eugene Asante,2700,LB,52
Evan Anderson,4500,DT,40
Evan Brown,3800,C,16
Evan Engram,1400,TE,32
Evan Hull,3900,RB,24
Evan Neal,3410,T,61
Evan Williams,1800,SS,14
Eyioma Uwazurike,1400,DE,68
Ezekiel Turner,1540,ILB,93
Ezra Cleveland,2250,G,28
Fabien Lovett Sr.,2310,DT,69
Fadil Diggs,3300,OLB,99
Fatorma Mulbah,3430,DT,47
Federico Maranges,4600,C,89
Feleipe Franks,0200,TE,53
Felix Anudike-Uzomah,2310,DE,63
Foley Fatukasi,2120,DT,12
Foster Sarell,5110,T,88
Foye Oluokun,2250,ILB,16
Francisco Mauigoa,3430,LB,54
Frank Crum,1400,T,78
Frank Gore Jr.,0610,RB,77
Frankie Luvu,5110,ILB,9
Fred Johnson,2250,T,75
Gabe Hall,3700,DT,92
Gabe Jeudy-Lally,2100,CB,106
Gabriel Murphy,3000,OLB,68
Gage Larvadain,1050,WR,88
Gardner Minshew,2310,QB,48
Gareth Warren,3900,T,41
Garett Bolles,1400,T,37
Garmon Randolph,4400,LB,88
Garnett Hollis Jr.,0610,DB,18
Garnett Hollis Jr.,1800,DB,30
Garret Wallow,1400,OLB,18
Garrett Bradbury,3200,C,27
Garrett Dellinger,0325,G,128
Garrett Greene,4900,WR,60
Garrett Nelson,1400,DE,39
Garrett Williams,3800,CB,10
Garrett Wilson,3430,WR,28
Gary Brightwell,0920,RB,36
Gee Scott Jr.,3200,TE,46
Geno Smith,2520,QB,28
Geno Stone,0920,SS,4
Geor'Quarius Spivey,2310,TE,25
George Fant,5110,T,18
George Holani,4600,RB,26
George Karlaftis,2310,DE,29
George Kittle,4500,TE,11
Gerad Lichtenhan,0325,T,124
Germain Ifedi,2700,G,10
Germaine Pratt,2520,OLB,22
Geron Christian,1200,T,82
Gervarrius Owens,3000,FS,27
Gervon Dexter Sr.,0810,DT,20
Giles Jackson,3700,WR,23
Giovanni Manu,1540,T,122
Giovanni Ricci,3000,TE,50
Glendon Miller,2310,DB,87
Gottlieb Ayedze,2520,T,46
Graham Barton,4900,C,19
Graham Mertz,2120,QB,62
Grant Calcaterra,3700,TE,13
Grant Delpit,1050,SS,8
Grant Stuard,1540,MLB,87
Grayson Murphy,2700,OLB,94
Greedy Vance,2520,DB,35
Greg Dortch,3800,WR,10
Greg Dulcich,3410,TE,78
Greg Gaines,4900,NT,32
Greg Rousseau,0610,DE,10
Greg Van Roten,3410,G,19
Grey Zabel,4600,G,37
Grover Stewart,2200,DT,7
Gunnar Helm,2100,TE,53
Gunnar Oakes,1540,TE,2
Gunner Britton,1540,G,40
Gunner Olszewski,3410,WR,76
Haason Reddick,4900,OLB,7
Haggai Ndubuisi,2120,DT,46
Hakeem Adeniji,1200,G,41
Hal Presley,2310,WR,26
Harold Fannin Jr.,1050,TE,16
Harold Landry III,3200,OLB,6
Harrison Bryant,2120,TE,32
Harrison Bryant,3700,TE,21
Harrison Hand,4400,CB,18
Hassan Haskins,4400,RB,31
Hayden Conner,3800,G,45
Hayden Rucci,2700,TE,64
Hendon Hooker,1540,QB,86
Henry Black,0200,SS,79
Henry Byrd,3000,G,69
Henry To'oTo'o,2120,ILB,17
Hjalte Froholdt,3800,C,16
Hollin Pierce,3700,T,36
Howard Cross III,0920,DE,98
Hudson Clark,2520,DB,60
Hunter Henry,3200,TE,5
Hunter Long,2250,TE,45
Hunter Luepke,1200,FB,5
Hunter Nourzad,2310,C,72
Hunter Renfrow,0750,WR,44
Hunter Wohler,2200,DB,40
Ian Kennelly,1540,DB,132
Ian Thomas,2520,TE,36
Ian Wheeler,0810,RB,58
Ife Adeyi,3700,WR,21
Ifeatu Melifonwu,2700,CB,50
Ihmir Smith-Marsette,3410,WR,18
Ikem Ekwonu,0750,T,16
Irv Smith,2120,TE,32
Isaac Alarcon,4500,T,85
Isaac Gifford,0750,DB,63
Isaac Guerendo,4500,RB,19
Isaac TeSlaa,1540,WR,99
Isaac Ukwu,1540,DE,105
Isaac Yiadom,3300,CB,49
Isaiah Adams,3800,G,16
Isaiah Bolden,3200,CB,28
Isaiah Bond,1050,WR,8
Isaiah Davis,3430,RB,13
Isaiah Dunn,1800,CB,28
Isaiah Foskey,3300,DE,101
Isaiah Hodgins,4500,WR,41
Isaiah Iton,3200,DT,41
Isaiah Johnson,2700,CB,75
Isaiah Land,2200,DE,71
Isaiah McDuffie,1800,ILB,13
Isaiah McGuire,1050,DE,21
Isaiah Neyor,1800,WR,58
Isaiah Oliver,3430,CB,54
Isaiah Pola-Mao,2520,FS,78
Isaiah Prince,4500,T,72
Isaiah Raikes,2100,NT,22
Isaiah Rodgers,3000,CB,10
Isaiah Simmons,1800,MLB,118
Isaiah Stalbird,3300,ILB,64
Isaiah Thomas,0920,OLB,130
Isaiah Williams,0920,WR,59
Isaiahh Loudermilk,3900,DE,55
Isas Waxter,4600,DB,37
Isiah Pacheco,2310,RB,16
Israel Abanikanda,1800,RB,45
Israel Mukuamu,1200,FS,133
Ivan Pace Jr.,3000,ILB,10
J.B. Brown,1400,LB,13
J.J. Lippe,1800,G,44
J.J. McCarthy,3000,QB,12
J.J. Taylor,2120,RB,13
J.J. Weaver,0750,LB,38
J.K. Dobbins,1400,RB,6
J.R. Singleton,4600,DT,67
JC Latham,2100,T,25
JD Bertrand,0200,ILB,28
JJ Galbreath,3900,TE,97
JJ Pegues,2520,DT,65
JJ Roberts,4900,DB,37
JL Skinner,1400,SS,41
JP Richardson,0810,WR,43
JT Tuimoloau,2200,DE,86
JT Woods,2520,FS,46
Ja'Corey Brooks,5110,WR,73
Ja'Lynn Polk,3200,WR,14
Ja'Marcus Ingram,0610,CB,83
Ja'Markis Weston n,3430,LB,29
Ja'Marr Chase,0920,WR,24
Ja'Quan McMillian,1400,CB,13
Ja'Quinden Jackson,2250,RB,39
Ja'Seem Reed,0750,WR,20
Ja'Sir Taylor,4400,CB,138
Ja'Tavion Sanders,0750,TE,12
Ja'Tyre Carter,0750,G,58
JaMycal Hasty,3200,RB,60
JaQuae Jackson,4400,WR,54
JaTravis Broughton,0750,DB,40
Jabari Small,1540,RB,35
Jabbar Muhammad,2250,DB,81
Jabrill Peppers,3200,SS,34
Jacardia Wright,4600,RB,39
Jack Bech,2520,WR,63
Jack Cochrane,2310,ILB,44
Jack Conklin,1050,T,10
Jack Conley,3200,G,72
Jack Gibbens,3200,ILB,55
Jack Heflin,2510,DT,90
Jack Henderson,0750,DB,48
Jack Jones,2700,CB,53
Jack Kiser,2250,LB,107
Jack Nelson,0200,T,136
Jack Plummer,0750,QB,76
Jack Sanborn,1200,ILB,18
Jack Sawyer,3900,LB,92
Jack Stoll,3300,TE,35
Jack Westover,3200,TE,62
Jackson Barton,1050,T,95
Jackson Carman,2700,T,60
Jackson Hawes,0610,TE,35
Jackson Meeks,1540,WR,98
Jackson Powers-Johnson,2520,G,59
Jackson Sirmon,3430,LB,47
Jackson Slater,2100,G,105
Jackson Woodard,2120,LB,44
Jacob Bayer,0610,C,74
Jacob Harris,4900,WR,60
Jacob Hummel,0325,ILB,17
Jacob Martin,5110,DE,30
Jacob Monk,1800,C,56
Jacob Parrish,4900,DB,38
Jacob Phillips,2200,MLB,24
Jacob Saylors,1540,RB,62
Jacob Sykes,3700,DT,76
Jacobe Covington,2310,DB,18
Jacoby Brissett,3800,QB,33
Jacoby Jones,5110,WR,35
Jacoby Windmon,0750,LB,69
Jacolby George,0750,WR,30
Jacory Croskey-Merritt,5110,RB,34
Jaden Crumedy,0750,DT,80
Jaden Hicks,2310,SS,75
Jaden Robinson,1400,DB,48
Jaden Smith,4900,WR,30
Jaelan Phillips,2700,OLB,8
Jaelyn Duncan,2100,T,67
Jah Joyner,2520,DE,31
Jahan Dotson,3700,WR,9
Jahdae Barron,1400,DB,37
Jahdae Walker,0810,WR,73
Jaheim Bell,3200,TE,22
Jahfari Harvey,2520,DE,21
Jahmal Banks,0325,WR,55
Jahvaree Ritzie,3200,DE,54
Jaison Williams,3410,T,42
Jake Andrews,2120,C,33
Jake Bobo,4600,WR,58
Jake Brendel,4500,C,11
Jake Browning,0920,QB,63
Jake Chaney,2200,LB,12
Jake Curhan,3800,T,75
Jake Haener,3300,QB,19
Jake Hansen,2120,OLB,45
Jake Hanson,0200,C,25
Jake Kubas,3410,G,90
Jake Majors,4900,C,54
Jake Tonges,4500,TE,105
Jakob Johnson,2120,FB,40
Jakob Robinson,4500,DB,81
Jakobi Meyers,2520,WR,26
Jakobie Keeney-James,1540,WR,53
Jakorian Bennett,3700,CB,60
Jalan Gaines,4600,DE,23
Jaleel McLaughlin,1400,RB,13
Jalen Brooks,1200,WR,95
Jalen Coker,0750,WR,35
Jalen Cropper,1200,WR,63
Jalen Davis,0920,CB,24
Jalen Graham,4500,ILB,91
Jalen Kimber,2100,DB,47
Jalen McKenzie,2700,T,50
Jalen McMillan,4900,WR,15
Jalen Mills,2120,CB,35
Jalen Milroe,4600,QB,98
Jalen Nailor,3000,WR,23
Jalen Pitre,2120,FS,11
Jalen Ramsey,3900,CB,7
Jalen Reagor,4400,WR,9
Jalen Redmond,3000,DE,21
Jalen Rivers,0920,T,88
Jalen Royals,2310,WR,29
Jalen Sundell,4600,T,67
Jalen Thompson,3800,FS,10
Jalen Tolbert,1200,WR,24
Jalen Travis,2200,T,139
Jalen Virgil,0610,WR,22
Jalen White,1800,RB,2
Jalin Hyatt,3410,WR,35
Jalon Walker,0200,OLB,16
Jalyn Armour-Davis,0325,CB,61
Jalyn Holmes,5110,DE,94
Jamaal Pritchett,3430,WR,66
Jamal Adams,2520,SS,50
Jamal Hill,2120,ILB,54
Jamarco Jones,1540,G,60
Jamaree Caldwell,4400,DT,70
Jamaree Salyer,4400,G,28
Jamari Thrash,1050,WR,65
Jameis Winston,3410,QB,46
Jamel Dean,4900,CB,7
James Carpenter,2250,DT,54
James Conner,3800,RB,7
James Daniels,2700,G,28
James Ester,1800,DT,45
James Houston,1200,DE,118
James Hudson,3410,T,28
James Lynch,2100,NT,76
James Mitchell,0750,TE,49
James Pearce Jr.,0200,OLB,60
James Pierre,3900,CB,102
James Proche,2100,WR,47
James Williams,2100,ILB,87
Jamie Sheriff,4600,OLB,51
Jamien Sherwood,3430,ILB,22
Jamil Muhammad,2510,OLB,52
Jamin Davis,3430,OLB,33
Jammie Robinson,3800,SS,106
Jamoi Mayes,0920,WR,44
Jamon Johnson,1800,LB,64
Jamree Kromah,0810,DE,54
Janarius Robinson,2310,DE,7
Jaquan Brisker,0810,SS,23
Jared Bartlett,1800,LB,19
Jared Harrison-Hunte,0750,DT,67
Jared Ivey,4600,DE,90
Jared Penning,0325,G,80
Jared Wiley,2310,TE,46
Jared Wilson,3200,C,51
Jaret Patterson,4400,RB,9
Jarius Monroe,3430,FS,64
Jarquez Hunter,2510,RB,64
Jarrett Kingston,0750,T,108
Jarrett Patterson,2120,C,68
Jarrett Stidham,1400,QB,64
Jarrian Jones,2250,CB,17
Jarrick Bernard-Converse,3430,CB,67
Jarrod Hufford,2520,C,47
Jarvis Brownlee Jr.,2100,CB,27
Jase McClellan,4900,RB,9
Jashaun Corbin,0200,RB,58
Jasheen Davis,3300,DE,23
Jason Bean,2200,QB,44
Jason Brownlee,2310,WR,52
Jason Ivey,1050,T,96
Jason Marshall Jr.,2700,DB,57
Jason Pinnock,4500,SS,10
Javion Cohen,1050,G,74
Javon Baker,3200,WR,92
Javon Bullard,1800,SS,14
Javon Foster,2250,T,78
Javon Kinlaw,5110,DT,8
Javon Solomon,0610,DE,67
Javontae Jean-Baptiste,5110,DE,7
Jawaan Taylor,2310,T,22
Jawhar Jordan,2120,RB,53
Jaxon Smith-Njigba,4600,WR,8
Jaxson Dart,3410,QB,72
Jaxson Kirkland,0920,G,121
Jay Higgins,0325,LB,83
Jay Toia,1200,NT,81
Jay Tufele,3430,DT,33
Jay Ward,3000,SS,110
JayVian Farr,4900,DB,29
Jayden Daniels,5110,QB,4
Jayden Higgins,2120,WR,50
Jayden Peevy,3300,DT,37
Jayden Price,3300,DB,46
Jaydon Blue,1200,RB,21
Jaylan Ford,3300,ILB,72
Jaylen Harrell,2100,OLB,56
Jaylen Johnson,4400,WR,70
Jaylen Jones,4400,DB,27
Jaylen Key,0920,FS,83
Jaylen Mahoney,4500,FS,100
Jaylen Waddle,2700,WR,5
Jaylen Warren,3900,RB,7
Jaylen Watson,2310,CB,29
Jaylen Wright,2700,RB,39
Jaylin Lane,5110,WR,39
Jaylin Noel,2120,WR,33
Jaylin Simpson,1800,FS,18
Jaylin Smith,2120,DB,59
Jaylinn Hawkins,3200,FS,33
Jaylon Allen,4500,DE,72
Jaylon Jones,3800,CB,102
Jaylon Moore,2310,T,44
Jaylon Smith,2520,MLB,26
Jaylon Thomas,2120,T,133
Jayson Jones,0325,DT,59
Jeff Okudah,3000,CB,12
Jeff Wilson,4500,RB,46
Jeffery Simmons,2100,DT,13
Jeffrey Bassa,2310,LB,100
Jelani Woods,2200,TE,75
Jer'Zhan Newton,5110,DT,47
Jereme Robinson,3700,DE,5
Jeremiah Byers,3800,T,107
Jeremiah Ledbetter,3410,DT,56
Jeremiah Martin,3300,DE,28
Jeremiah Pharms Jr.,3200,DE,75
Jeremiah Trotter Jr.,3700,ILB,71
Jeremiah Walker,0810,DB,63
Jeremiah Webb,3200,WR,71
Jeremy Chinn,2520,FS,23
Jeremy McNichols,5110,RB,41
Jeremy Reaves,5110,FS,41
Jeremy Ruckert,3430,TE,47
Jerjuan Newton,1400,WR,73
Jermaine Burton,0920,WR,32
Jermaine Eluemunor,3410,T,28
Jermaine Terry,3410,TE,34
Jermar Jefferson,2100,RB,21
Jermari Harris,2100,DB,27
Jerome Baker,1050,ILB,32
Jerome Carvin,2250,G,49
Jerome Ford,1050,RB,6
Jerrick Reed II,4600,SS,81
Jerry Jeudy,1050,WR,3
Jerry Tillery,2310,DE,85
Jeshaun Jones,3000,WR,65
Jesse Matthews,0200,WR,63
Jevon Holland,3410,SS,27
Jha'Quan Jackson,2100,WR,31
Ji'Ayir Brown,4500,SS,61
Jihaad Campbell,3700,LB,37
Jihad Ward,2100,OLB,66
Jimmy Ciarlo,0610,ILB,77
Jimmy Holiday,2310,WR,29
Jimmy Horn Jr.,0750,WR,52
Jimmy Morrissey,3410,C,53
Joaquin Davis,1400,WR,55
Joe Alt,4400,T,7
Joe Andreessen,0610,OLB,134
Joe Bachie,2200,ILB,37
Joe Burrow,0920,QB,38
Joe Evans,3700,DT,54
Joe Flacco,1050,QB,16
Joe Gaziano,2100,DE,44
Joe Giles-Harris,0920,OLB,58
Joe Huber,3000,G,164
Joe Milton III,1200,QB,123
Joe Noteboom,0325,T,73
Joe Tippmann,3430,C,28
Joe Tryon-Shoyinka,1050,OLB,28
Joel Wilson,0810,TE,94
Joey Blount,3800,FS,55
Joey Bosa,0610,DE,10
Joey Lombard,2310,C,36
Joey Porter Jr.,3900,CB,7
John Bates,5110,TE,7
John Bullock,4900,LB,83
John Copenhaver,2250,TE,21
John FitzPatrick,1800,TE,38
John Franklin-Myers,1400,DE,9
John Humphrey,2520,DB,45
John Jackson,0810,WR,12
John Jenkins,0325,DT,14
John Jiles,3200,WR,84
John Leglue,2510,T,23
John Metchie III,2120,WR,44
John Metchie III,3700,WR,15
John Michael Schmitz,3410,C,28
John Ojukwu,2100,T,79
John Rhys Plumlee,4600,WR,17
John Ridgeway,3300,DT,36
John Saunders Jr.,2700,DB,72
John Simpson,3430,G,18
John Stephens Jr.,1200,TE,14
John Wolford,2250,QB,36
Johnathan Baldwin,1800,DB,121
Johnathan Edwards,2200,DB,85
Johnny Lumpkin,1800,TE,43
Johnny Mundt,2250,TE,16
Johnny Wilson,3700,WR,62
Jon Gaines II,3800,G,32
Jon Rhattigan,0750,ILB,47
Jon Runyan,3410,G,28
Jonah Elliss,1400,OLB,58
Jonah Jackson,0810,C,39
Jonah Laulu,2520,DT,52
Jonah Monheim,2250,C,94
Jonah Savaiinaea,2700,G,61
Jonah Williams,3300,DE,78
Jonah Williams,3800,T,16
Jonas Sanker,3300,DB,141
Jonathan Bullard,3300,DE,32
Jonathan Ford,0810,DT,81
Jonathan Garvin,4500,OLB,69
Jonathan Harris,3000,DE,78
Jonathan Mendoza,3300,T,58
Jonathan Mingo,1200,WR,37
Jonathan Owens,0810,SS,71
Jonathan Taylor,2200,RB,10
Jonathan Ward,3410,RB,59
Jonathon Cooper,1400,OLB,20
Jordan Addison,3000,WR,12
Jordan Battle,0920,SS,21
Jordan Bly,3410,WR,35
Jordan Burch,3800,LB,45
Jordan Clark,3430,DB,63
Jordan Colbert,2700,SS,84
Jordan Elliott,4500,DT,14
Jordan Fuller,0200,FS,44
Jordan Hancock,0610,DB,85
Jordan Howden,3300,SS,98
Jordan Jackson,1400,DE,60
Jordan Jefferson,2250,DT,77
Jordan Love,1800,QB,10
Jordan Magee,5110,OLB,14
Jordan Mason,3000,RB,12
Jordan McFadden,0810,G,162
Jordan Meredith,2520,G,59
Jordan Miller,1400,DT,50
Jordan Mims,2100,RB,50
Jordan Moore,0920,WR,46
Jordan Morgan,1800,T,67
Jordan Oladokun,4400,DB,28
Jordan Petaia,4400,TE,3
Jordan Phillips,2700,DT,57
Jordan Polk,3200,DB,74
Jordan Turner,1400,LB,54
Jordan Waters,2510,RB,16
Jordan Watkins,4500,WR,32
Jordan Williams,0200,T,29
Jordon Riley,3410,NT,42
Jordyn Brooks,2700,ILB,2
Josaiah Stewart,2510,LB,18
Jose Ramirez,4900,OLB,87
Joseph Michalski,1400,G,81
Joseph Ossai,0920,DE,21
Joseph Vaughn,2200,LB,12
Josh Blackwell,0810,CB,28
Josh Conerly Jr.,5110,T,39
Josh Fryar,3800,T,72
Josh Fuga,4400,DT,10
Josh Hayes,4900,CB,17
Josh Hines-Allen,2250,DE,15
Josh Jacobs,1800,RB,3
Josh Jobe,4600,CB,25
Josh Johnson,5110,QB,83
Josh Jones,4600,G,67
Josh Kaltenberger,4400,C,148
Josh Kelly,1200,WR,55
Josh Minkins,3200,DB,14
Josh Myers,3430,C,46
Josh Newton,0920,CB,20
Josh Oliver,3000,TE,8
Josh Palmer,0610,WR,22
Josh Pearcy,2510,LB,51
Josh Priebe,2700,G,72
Josh Reynolds,3430,WR,26
Josh Sills,2200,G,107
Josh Simmons,2310,T,40
Josh Thompson,0200,SS,92
Josh Tupou,2200,NT,60
Josh Wallace,2510,CB,28
Josh Whyle,2100,TE,37
Josh Williams,4900,RB,36
Josh Woods,0200,ILB,54
Joshua Cephus,2250,WR,50
Joshua Dobbs,3200,QB,49
Joshua Ezeudu,3410,G,80
Joshua Farmer,3200,DT,62
Joshua Gray,0200,G,122
Joshua Miles,0810,T,90
Joshua Pickett,1400,DB,33
Joshua Simon,0200,TE,78
Joshua Uche,3700,OLB,34
Joshua Williams,2310,CB,63
Joshuah Bledsoe,2100,FS,61
Josiah Bronson,2100,DT,13
Josiah Deguara,3800,TE,76
Josiah Ezirim,3300,T,25
Jourdan Lewis,2250,CB,16
Jovaughn Gwyn,0200,G,129
Jowon Briggs,1050,DT,44
JuJu Smith-Schuster,2310,WR,20
Juan Thornhill,3900,FS,30
Juanyeh Thomas,1200,FS,32
Juice Scruggs,2120,C,69
Julian Blackmon,3300,FS,27
Julian Good-Jones,5110,G,70
Julian Hicks,1800,WR,89
Julian Hill,2700,TE,20
Julian Love,4600,SS,10
Julian Okwara,1050,OLB,60
Julian Pearl,3900,T,12
Julius Brents,2200,CB,18
Julius Chestnut,2100,RB,43
Julius Welschof,3900,OLB,79
Julius Wood,2100,FS,67
Junior Bergen,4500,WR,39
Junior Colson,4400,OLB,64
Junior Tafuna,2120,DT,78
Justin Barron,1200,LB,68
Justin Dedich,2510,G,87
Justin Eboigbe,4400,DE,61
Justin Fields,3430,QB,28
Justin Herbert,4400,QB,7
Justin Hollins,0610,OLB,23
Justin Reid,3300,SS,18
Justin Rogers,3700,DT,23
Justin Shorter,2520,TE,52
Justin Skule,3000,T,12
Justin Strnad,1400,ILB,44
Justin Watson,2120,WR,44
Juwan Johnson,3300,TE,20
Juwann Winfree,2120,WR,40
K'Lavon Chaisson,3200,OLB,6
K'Von Wallace,3410,FS,37
K.C. Ossai,2120,LB,44
K.J. Britt,2700,ILB,53
K.J. Cloyd,3410,LB,101
K.J. Osborn,5110,WR,74
KJ Hamler,0610,WR,69
KJ Henry,1050,DE,63
KT Leveston,2510,T,136
Kadeem Telfort,1800,T,83
Kaden Davis,1050,WR,87
Kaden Prather,0610,WR,10
Kaevon Merriweather,4900,FS,111
Kahlef Hailassie,3000,CB,55
Kaiir Elam,1200,CB,16
Kaimon Rucker,0325,DE,83
Kain Medrano,5110,LB,129
Kaleb Hayes,0810,CB,23
Kaleb Johnson,3900,RB,58
Kalel Mullings,2100,RB,33
Kalen King,1800,CB,89
Kalia Davis,4500,DT,31
Kam Alexander,3900,DB,17
Kam Alexander,4600,DB,5
Kam Arnold,5110,LB,55
Kamal Hadden,1800,CB,66
Kamari Lassiter,2120,CB,11
Kameron Johnson,4900,WR,27
Kana'i Mauga,4400,ILB,51
Kareem Hunt,2310,RB,13
Karene Reid,1400,LB,64
Karl Brooks,1800,DT,42
Karsen Barnhart,4400,T,162
Kawaan Baker,1800,WR,17
Kawaan Baker,2520,WR,3
Kayode Awosika,1540,G,87
Kayron Lynch-Adams,0750,RB,24
Kayshon Boutte,3200,WR,22
Kayvon Thibodeaux,3410,OLB,24
Kazmeir Allen,5110,RB,21
Ke'Shawn Vaughn,4500,RB,45
Ke'Shawn Williams,3900,WR,52
KeAndre Lambert-Smith,4400,WR,89
Keaton Mitchell,0325,RB,11
Kedon Slovis,2120,QB,77
Keeanu Benton,3900,DT,29
Keenan Allen,4400,WR,5
Keenan Garber,3000,DB,12
Keenan Isaac,1050,CB,47
Kei'Trel Clark,3800,CB,79
Keidron Smith,1400,FS,41
Keilan Robinson,3700,RB,62
Keion White,3200,DE,54
Keir Thomas,2510,OLB,22
Keisean Nixon,1800,CB,14
Keith Cooper,1540,DT,127
Keith Kirkwood,0325,WR,36
Keith Randolph Jr.,1800,DT,29
Keith Taylor,0200,CB,30
Keivie Rose,2250,DT,82
Kelee Ringo,3700,CB,47
Keleki Latu,0610,TE,59
Kelvin Banks Jr.,3300,T,47
Kemon Hall,1200,CB,62
Kendall Lamm,3700,T,46
Kendall Milton,0920,RB,38
Kendall Sheffield,2700,CB,26
Kendall Williamson,4400,SS,169
Kendell Brooks,2100,FS,77
Kendre Miller,3300,RB,35
Kendric Pryor,0920,WR,64
Kendrick Green,0610,C,67
Kene Nwangwu,3430,RB,48
Keni-H Lovely,2250,DB,41
Kenneth Gainwell,3900,RB,12
Kenneth Grant,2700,DT,35
Kenny Clark,1800,DT,9
Kenny Willekes,3900,DE,14
Kenny Yeboah,1540,TE,40
Kentavius Street,0200,DT,63
Kenyon Green,3700,G,60
Keon Coleman,0610,WR,14
Keondre Coburn,2520,NT,16
Keondre Jackson,0325,DB,69
Keonta Jenkins,0610,LB,59
Ketron Jackson Jr.,2520,WR,32
Kevin Austin Jr.,3300,WR,106
Kevin Byard,0810,FS,23
Kevin Foelsch,3900,TE,28
Kevin Harris,2250,RB,21
Kevin Knowles,2310,DB,42
Kevon Seymour,5110,CB,2
Key'Shawn Smith,2310,WR,23
Keydrain Calligan,4600,DB,59
Keyon Martin,0325,DB,102
Khalen Saunders,3300,DT,23
Khalid Kareem,0200,DE,51
Khalil Herbert,2200,RB,23
Khristian Boyd,3300,DT,48
Khyiris Tonga,3200,NT,19
Kilian Zierer,1050,T,48
Kimani Vidal,4400,RB,51
Kindle Vildor,4900,CB,96
Kingsley Eguakun,1540,C,102
Kingsley Enagbare,1800,DE,52
Kingsley Jonathan,3430,DE,50
Kingsley Suamataia,2310,T,40
Kion Smith,2700,G,114
Kiran Amegadjie,0810,T,55
Kisean Johnson,1050,WR,47
Kitan Crawford,3800,DB,84
Kitan Oladapo,1800,FS,101
Ko Kieft,4900,TE,52
Kobe Hudson,0750,WR,48
Kobe King,3000,LB,116
Kobee Minor,3200,DB,91
Kohl Levao,3430,G,145
Kolton Miller,2520,T,28
Konata Mumpfield,2510,WR,62
Kool-Aid McKinstry,3300,CB,27
Korie Black,3410,DB,11
Kris Abrams-Draine,1400,CB,77
Kris Jenkins,0920,DT,21
Kristian Fulton,2310,CB,42
Kristian Welch,1800,ILB,94
Kristian Wilkerson,0610,WR,73
Kristian Williams,1400,DT,29
Krys Barnes,0750,ILB,76
Kwity Paye,2200,DE,1
Kylan Guidry,4400,LB,106
Kyle Allen,1540,QB,93
Kyle Dugger,3200,FS,88
Kyle Hergel,3300,G,53
Kyle Hinton,0200,G,123
Kyle Juszczyk,4500,FB,6
Kyle Kennard,4400,LB,45
Kyle McCord,3700,QB,103
Kyle Monangai,0810,RB,22
Kyle Peko,3200,DT,57
Kyle Trask,4900,QB,87
Kyle Williams,3200,WR,44
Kylen Granson,3700,TE,54
Kyler Baugh,3900,DT,23
Kyler McMichael,3900,CB,57
Kyler Murray,3800,QB,16
Kyon Barrs,3800,DT,80
Kyrese Rowan,1400,WR,38
Kyu Kelly,2520,CB,35
L.J. Collier,3800,DT,35
La'el Collins,1200,T,25
LaCale London,0200,DT,54
LaDarius Henderson,2120,G,94
LaJohntay Wester,0325,WR,75
LaMareon James,1050,DB,23
Ladarius Tennison,2200,DB,34
Ladd McConkey,4400,WR,7
Laekin Vakalahi,3700,T,12
Laiatu Latu,2200,DE,16
Laken Tomlinson,2120,G,23
Laki Tasi,2520,NT,27
Lamar Jackson,0200,CB,116
Lan Larison,3200,RB,21
Lance Dixon,3700,LB,57
Lance McCutcheon,3900,WR,74
Lance Robinson,0920,CB,77
Landon Jackson,0610,DE,76
Landon Parker,2200,WR,39
Landon Young,3300,T,50
Laquon Treadwell,2200,WR,67
Larrell Murchison,2510,DT,44
Larry Borom,2700,T,59
Larry Ogunjobi,0610,DT,40
Lathan Ransom,0750,DB,76
Laviska Shenault Jr.,0610,WR,39
Lawrance Toafili,3430,RB,27
Lawrence Cager,5110,TE,50
Layden Robinson,3200,G,34
LeQuint Allen Jr.,2250,RB,36
Leander Wiegand,3430,G,21
Lecitus Smith,1800,G,65
Leki Fotu,2520,NT,15
Leo Chenal,2310,OLB,41
Leonard Taylor III,3430,DT,67
Leroy Watson IV,3000,T,91
Levelle Bailey,1400,ILB,74
Levi Drake Rodriguez,3000,DT,54
Lew Nichols III,3900,RB,24
Lewis Cine,3700,FS,29
Liam Fornadel,3430,T,108
Lil'Jordan Humphrey,3410,WR,90
Logan Brown,3000,T,93
Logan Hall,4900,DE,2
Logan Lee,3900,DE,44
Logan Wilson,0920,ILB,21
Logan Woodside,3900,QB,30
Loren Strickland,1540,SS,96
Lorenz Metz,4900,T,19
Lorenzo Thompson,1050,T,74
Lucas Krull,1400,TE,78
Lucas Niang,5110,T,5
Lucas Patrick,0920,G,31
Lucas Scott,0325,FB,68
Lucky Jackson,3000,WR,80
Lukas Van Ness,1800,DE,13
Luke Farrell,4500,TE,49
Luke Felix-Fualalo,4600,T,53
Luke Floriea,1050,WR,12
Luke Fortner,2250,C,55
Luke Fortner,3300,C,6
Luke Gifford,4500,OLB,28
Luke Goedeke,4900,G,19
Luke Grimm,4400,WR,55
Luke Haggard,4900,T,107
Luke Kandra,0750,G,71
Luke Lachey,2120,TE,88
Luke McCaffrey,5110,WR,59
Luke Musgrave,1800,TE,18
Luke Newman,0810,G,130
Luke Schoonmaker,1200,TE,24
Luke Tenuta,2200,T,106
Luke Wattenberg,1400,C,37
Luke Wypler,1050,C,86
Luq Barcoo,1540,CB,16
Luther Burden III,0810,WR,80
M.J. Stewart,2120,SS,74
MJ Devonshire,0325,CB,26
Maason Smith,2250,DT,17
Mac Dalena,2310,WR,23
Mac Jones,4500,QB,47
Mac McWilliams,3700,DB,109
Mack Hollins,3200,WR,21
Mack Wilson,3800,ILB,10
Maema Njongmeta,0920,ILB,88
Major Burns,0810,DB,9
Major Williams,2310,DB,64
Makari Paige,3410,DB,112
Malachi Corley,3430,WR,52
Malachi Moore,3430,DB,72
Malaki Starks,0325,DB,14
Malcolm Koonce,2520,DE,38
Malcolm Roach,1400,DT,13
Maliek Collins,1050,DT,8
Malik Cunningham,0325,WR,32
Malik Davis,1200,RB,24
Malik Dixon-Williams,2510,DB,108
Malik Hamm,0325,OLB,85
Malik Harrison,3900,OLB,75
Malik Heath,1800,WR,59
Malik Herring,2310,DE,110
Malik Taylor,1540,WR,19
Malik Turner,4500,WR,38
Malik Washington,2700,WR,17
Malik Willis,1800,QB,57
Mapalo Mwansa,0750,DE,13
MarShawn Lloyd,1800,RB,11
Marcelino McCrary-Ball,3430,ILB,28
Marcellus Johnson,2200,T,49
Marco Wilson,0920,CB,36
Marcus Bryant,3200,T,77
Marcus Epps,3200,SS,96
Marcus Harris,0610,DT,55
Marcus Harris,2100,DB,106
Marcus Haynes,2200,DE,26
Marcus Jones,3200,CB,21
Marcus Mbow,3410,T,118
Marcus Yarns,3300,RB,18
Mario Edwards,2120,DT,11
Mario Goodrich,3430,CB,66
Mario Williams,2510,WR,57
Marist Liufau,1200,ILB,39
Mark Perry,0810,SS,29
Mark Redman,2510,TE,87
Mark Robinson,3900,ILB,63
Markees Watts,4900,OLB,94
Markquese Bell,1200,FS,34
Marlon Davidson,2120,DT,35
Marlon Tuipulotu,2310,DT,85
Marlowe Wax,4400,LB,146
Marques Cox,1400,T,81
Marques Sigle,4500,DB,91
Marquez Callaway,2520,WR,17
Marquez Valdes-Scantling,4600,WR,29
Marquis Hayes,3430,G,114
Marquise Robinson,0325,DB,94
Marshall Foerner,2200,T,45
Marshall Lang,4600,TE,71
Marshawn Kneeland,1200,DE,15
Marshon Lattimore,5110,CB,9
Marte Mapu,3200,ILB,62
Marvin Harrison Jr.,3800,WR,16
Marvin Mims Jr.,1400,WR,35
Marvin Moody,1050,LB,5
Mason Brooks,2700,G,4
Mason Graham,1050,DT,19
Mason Kinsey,2100,WR,48
Mason McCormick,3900,G,35
Mason Miller,1540,T,100
Mason Richman,4600,T,87
Mason Rudolph,3900,QB,34
Mason Taylor,3430,TE,13
Mason Tipton,3300,WR,107
Matt Dickerson,2700,DT,54
Matt Goncalves,2200,T,81
Matt Hennessy,4500,C,66
Matt Jones,2520,LB,77
Matt Landers,2100,WR,8
Matt Lee,0920,C,29
Matt Milano,0610,OLB,17
Matt Peart,1400,T,94
Matt Pryor,3700,T,57
Matt Sokol,0610,TE,32
Matthew Butler,2700,DT,58
Matthew Cindric,0200,C,31
Matthew Golden,1800,WR,24
Matthew Judon,2700,OLB,10
Maurice Alexander,0810,WR,77
Max Brosmer,3000,QB,81
Max Hurleman,3900,DB,63
Max Melton,3800,CB,19
Max Mitchell,3430,T,74
Max Scharping,3900,G,124
Maxen Hook,3700,DB,43
Maximilian Mang,2200,TE,10
Maxx Crosby,2520,DE,23
Mazi Smith,1200,DT,53
McCallan Castles,2510,TE,20
McClendon Curtis,3800,G,34
McKinnley Jackson,0920,DT,98
McTelvin Agim,0920,DT,40
Mecole Hardman,1800,WR,56
Mehki Butler,3200,G,50
Mekhi Blackmon,3000,CB,109
Mekhi Garner,0810,CB,49
Mello Dotson,0750,DB,43
Melvin Smith Jr.,2310,DB,36
Messiah Swinson,1800,TE,75
Micah Abraham,1400,DB,29
Micah Bernard,3200,RB,8
Micah McFadden,3410,MLB,28
Micah Robinson,1800,DB,92
Michael Bandy,1400,WR,58
Michael Barrett,2520,ILB,41
Michael Carter,3800,RB,47
Michael Carter II,3430,CB,11
Michael Danna,2310,DE,24
Michael Deiter,5110,C,122
Michael Dowell,4600,DB,15
Michael Dunn,4500,G,23
Michael Dwumfour,1400,DT,16
Michael Dwumfour,4500,DT,22
Michael Fletcher,3430,DE,35
Michael Gallup,5110,WR,53
Michael Gonzalez,3000,G,77
Michael Hoecht,0610,OLB,86
Michael Jacobson,3300,TE,29
Michael Jerrell,4600,T,75
Michael Jurgens,3000,G,78
Michael Mayer,2520,TE,24
Michael Niese,1540,T,84
Michael Ojemudia,1200,CB,41
Michael Pittman,2200,WR,14
Michael Reid,0750,DB,49
Michael Tarquin,0750,T,70
Michael Wiley,2310,RB,1
Michael Wilson,3800,WR,8
Micheal Clemons,3430,DE,20
Mike Boone,2700,RB,26
Mike Brown,2100,FS,97
Mike Caliendo,2310,G,72
Mike Edwards,0610,G,101
Mike Edwards,2310,FS,36
Mike Ford,0200,CB,57
Mike Green,0325,LB,62
Mike Greene,4900,DT,67
Mike Hilton,2700,CB,18
Mike Jackson,0750,CB,24
Mike Jordan,4900,G,93
Mike McGlinchey,1400,T,37
Mike Mcallister,2510,C,13
Mike Morris,4600,DE,53
Mike Onwenu,3200,G,28
Mike Panasiuk,3300,G,15
Mike Pennel,2310,NT,27
Mike Sainristil,5110,CB,11
Mike Smith Jr.,1200,DB,147
Mike Strachan,5110,WR,10
Mike White,0610,QB,35
Mikey Victor,3900,DB,34
Miles Battle,3200,DB,75
Miles Boykin,0810,WR,8
Miles Killebrew,3900,SS,62
Miles Sanders,1200,RB,10
Milton Williams,3200,DT,19
Minkah Fitzpatrick,2700,FS,8
Mishael Powell,3000,DB,56
Mitch Van Vooren,1050,TE,6
Mitchell Agude,1540,OLB,71
Mitchell Evans,0750,TE,31
Mitchell Tinsley,0920,WR,42
Mitchell Trubisky,0610,QB,39
Mitchell Van Vooren,1050,TE,4
Mo Alie-Cox,2200,TE,4
Mohamed Kamara,2700,OLB,8
Moliki Matavao,3300,TE,58
Monaray Baldwin,2700,WR,12
Montez Sweat,0810,DE,18
Montrell Johnson Jr.,3700,RB,51
Montrell Washington,3410,WR,54
Monty Rice,3200,ILB,92
Moochie Dixon,3300,WR,6
Morgan Fox,0200,DT,53
Morice Norris Jr.,1540,DB,25
Mose Vavao,2200,C,95
Mykal Walker,3800,ILB,82
Myles Adams,1540,DE,135
Myles Bryant,2120,CB,80
Myles Cole,2250,DE,64
Myles Gaskin,0325,RB,21
Myles Harden,1050,CB,47
Myles Hinton,3700,T,128
Myles Murphy,0920,DE,14
Myles Price,3000,WR,59
Myles Purchase,4400,DB,102
Nahshon Wright,0810,CB,38
Naquan Jones,4400,DT,76
Nash Hutmacher,4900,NT,35
Nash Jones,4400,G,149
Nate Brooks,0920,CB,127
Nate Carter,0200,RB,49
Nate Lynn,1540,DE,94
Nate Matlack,2310,DE,47
Nate McCollum,3800,WR,30
Nate Noel,2200,RB,16
Nate Valcarcel,2510,DB,105
Nathan Shepherd,3300,DT,18
Nathan Thomas,1200,T,34
Nathaniel Watson,1050,ILB,68
Natrone Brooks,0200,CB,80
Nay'Quan Wright,2200,RB,16
Nazeeh Johnson,2310,CB,56
Nazir Stackhouse,1800,DT,82
Neal Johnson,3430,TE,46
Nehemiah Pritchett,4600,CB,56
Nehemiah Shelton,4400,CB,4
Nelson Ceaser,0610,DE,34
Nephi Sewell,3300,MLB,47
Nesta Jade Silvera,4400,DT,68
Netane Muti,1540,G,100
Neville Gallimore,2200,NT,49
Nic Jones,3410,CB,107
Nic Scourton,0750,LB,14
Nick Allegretti,5110,G,7
Nick Bolton,2310,ILB,26
Nick Broeker,1200,G,61
Nick Chubb,2120,RB,11
Nick Emmanwori,4600,DB,21
Nick Gargiulo,1400,G,45
Nick Hampton,2510,OLB,47
Nick Harris,5110,C,18
Nick Herbig,3900,OLB,3
Nick Jackson,4900,LB,96
Nick Kallerup,4600,TE,70
Nick Kubitz,0200,LB,57
Nick Leverett,3800,G,101
Nick Martin,4500,LB,105
Nick McCloud,0810,CB,46
Nick Mullens,2250,QB,55
Nick Muse,3700,TE,49
Nick Nash,0200,WR,103
Nick Niemann,2120,ILB,53
Nick Samac,0325,C,83
Nick Scott,0750,SS,56
Nick Vannett,3000,TE,37
Nick Westbrook-Ikhine,2700,WR,32
Nick Whiteside,1540,CB,106
Nick Zakelj,4500,G,112
Nico Collins,2120,WR,11
Nik Bonitto,1400,OLB,10
Nik Needham,1050,CB,56
Nikko Reed,4400,DB,97
Nikko Remigio,2310,WR,46
Nikola Kalinic,0200,TE,52
Noah Brown,5110,WR,8
Noah Fant,0920,TE,14
Noah Gray,2310,TE,27
Noah Igbinoghene,5110,CB,102
Noah Sewell,0810,ILB,70
Nohl Williams,2310,DB,83
Norell Pollard,5110,DT,57
Nyheim Hines,4400,RB,76
O'Cyrus Torrence,0610,G,14
O'Donnell Fortune,3410,DB,70
Ochaun Mathis,3700,OLB,80
Ogbo Okoronkwo,3700,DE,61
Olamide Zaccheaus,0810,WR,26
Olisaemeka Udoh,2100,T,75
Ollie Gordon II,2700,RB,70
Olumuyiwa Fashanu,3430,T,28
Oluwafemi Oladejo,2100,LB,54
Omar Brown,1800,FS,59
Omari Thomas,3300,DT,36
Omarion Hampton,4400,RB,12
Omarr Norman-Lott,2310,DT,39
Oren Burks,0920,OLB,33
Orlando Brown,0920,T,38
Oronde Gadsden II,4400,TE,112
Oscar Cardenas,3800,TE,37
Otito Ogbonnia,4400,DT,16
Ovie Oghoufo,2520,DE,41
Owen Carney,2310,DE,5
Owen Pappoe,3800,ILB,79
Owen Wright,4900,RB,60
Ozzy Trapilo,0810,T,92
P.J. Locke,1400,FS,43
PJ Jules,0920,SS,73
PJ Mustipher,3800,NT,66
Paris Johnson Jr.,3800,T,16
Paris Shand,0610,DE,72
Parker Clements,2520,T,47
Parker Washington,2250,WR,41
Parry Nickerson,3700,CB,74
Pat Bryant,1400,WR,89
Pat Freiermuth,3900,TE,11
Pat O'Connor,1540,DE,42
Pat Surtain II,1400,CB,20
Patrick Herbert,2250,TE,41
Patrick Jenkins,3800,NT,69
Patrick Johnson,3700,OLB,60
Patrick Jones II,0750,OLB,24
Patrick Mahomes,2310,QB,22
Patrick McMorris,2700,SS,70
Patrick Mekari,2250,G,29
Patrick O'Connell,4600,ILB,72
Patrick Paul,2700,T,35
Patrick Queen,3900,ILB,7
Patrick Taylor,4500,RB,24
Paulson Adebo,3410,CB,27
Payne Durham,4900,TE,55
Payton Page,3430,DT,67
Payton Thorne,0920,QB,15
Payton Turner,1200,DE,53
Payton Wilson,3900,ILB,40
Percy Butler,5110,FS,52
Perrion Winfrey,1200,DT,89
Pete Werner,3300,ILB,14
Peter Skoronski,2100,G,40
Pharaoh Brown,2700,TE,56
Phidarian Mathis,3430,DT,39
Phil Lutz,3200,WR,38
Phil Mafah,1200,RB,51
Philip Blidi,2100,DT,11
Philip Blidi,3200,DT,16
Phillip Dorsett,2520,WR,58
Pierre Strong,1050,RB,47
Pokey Wilson,3430,WR,52
Pooh Paul Jr.,2510,LB,94
Power Echols,0810,LB,55
Princely Umanmielen,0750,LB,66
Princeton Fant,1200,TE,36
Qadir Ismail,2520,WR,38
Quali Conley,0920,RB,14
Quan Martin,5110,FS,11
Quandre Diggs,2100,FS,6
Quay Walker,1800,ILB,4
Que Robinson,1400,LB,64
Quentin Johnston,4400,WR,3
Quentin Skinner,3430,WR,71
Quenton Nelson,2200,G,14
Quincy Riley,3300,DB,112
Quincy Skinner Jr.,0200,WR,30
Quincy Williams,3430,ILB,22
Quindell Johnson,3900,SS,84
Quinn Ewers,2700,QB,72
Quinn Meinerz,1400,G,37
Quintez Cephus,2120,WR,64
Quintin Morris,2250,TE,36
Quinton Bell,2700,OLB,44
Quinton Bohanna,4600,DT,62
Quinton Newsome,1400,CB,47
Qwan'tez Stiggers,3430,CB,49
R.J. Mickens,4400,DB,168
R.J. Moten,3200,DB,33
RJ Harvey,1400,RB,32
Rachaad White,4900,RB,10
Raequan Williams,1540,DE,20
Raheem Blackshear,0750,RB,34
Raheem Layne,3410,SS,74
Raheem Mostert,2520,RB,25
Raheim Sanders,4400,RB,54
Raiqwon O'Neal,4900,T,31
Rakeem Nunez-Roches,3410,NT,24
Rakim Jarrett,4900,WR,80
Ralph Holley,1050,DT,76
Rashad Weaver,3430,OLB,26
Rashad Wisdom,4900,SS,113
Rashan Gary,1800,DE,12
Rashee Rice,2310,WR,20
Rasheed Walker,1800,T,16
Rasheen Ali,0325,RB,76
Rashid Shaheed,3300,WR,30
Rashod Owens,0920,WR,50
Ray Davis,0610,RB,23
Raymond Johnson III,0920,DE,113
Rayshawn Jenkins,1050,SS,20
Rayuan Lane III,2250,DB,85
Reddy Steward,3000,CB,41
Reggie Gilliam,0610,FB,6
Reid Holskey,0325,T,39
Rejzohn Wright,3300,CB,81
Renardo Green,4500,CB,13
Reuben Lowery,0325,DB,107
Rhamondre Stevenson,3200,RB,10
Richard Gouraige,0610,T,141
Ricky Barber,5110,DT,52
Ricky Lee,2250,T,103
Ricky Pearsall,4500,WR,9
Ricky Stromberg,0810,C,91
Ricky White III,4600,WR,59
Rico Dowdle,0750,RB,17
Rico Payton,3300,CB,43
Riley Leonard,2200,QB,96
Riley Moss,1400,CB,20
Riq Woolen,4600,CB,10
Rivaldo Fairweather,1200,TE,68
River Cracraft,5110,WR,8
Robbie Chosen,4500,WR,91
Robbie Ouzts,4600,RB,12
Robert Beal Jr.,4500,DE,52
Robert Hainsey,2250,C,28
Robert Hunt,0750,G,16
Robert Lewis,3000,WR,15
Robert McDaniel,5110,DB,107
Robert Rochell,1200,CB,43
Robert Spillane,3200,OLB,24
Robert Tonyan,2310,TE,54
Robert Woods,3900,WR,63
Roc Taylor,3900,WR,37
Rock Ya-Sin,1540,CB,101
Roderick Daniels Jr.,3300,WR,5
Rodney Thomas,2200,FS,71
Roger McCreary,2100,CB,17
Roger Rosengarten,0325,T,28
Roman Parodie,4900,DB,44
Roman Wilson,3900,WR,42
Rome Odunze,0810,WR,39
Romeo Doubs,1800,WR,24
Ronnie Bell,1540,WR,59
Ronnie Harrison,0200,DB,68
Ronnie Hickman Jr.,1050,SS,35
Ronnie Perkins,0200,OLB,26
Ronnie Rivers,2510,RB,3
Roy Mbaeteka,1050,T,3
Roy Robertson-Harris,3410,DT,25
Royce Freeman,0810,RB,12
Royce Newman,3800,G,89
Ruben Hyppolite II,0810,LB,80
Ruke Orhorhoro,0200,DE,59
Rush Reimer,0610,G,35
Russ Yeast,2120,FS,97
Russell Gage,4500,WR,49
Russell Wilson,3410,QB,25
Ryan Bates,0810,C,86
Ryan Cooper Jr.,3430,CB,46
Ryan Flournoy,1200,WR,85
Ryan Hayes,2700,T,79
Ryan Kelly,3000,C,12
Ryan McCollum,3900,C,30
Ryan Miller,4900,WR,89
Ryan Nelson,4400,T,147
Ryan Van Demark,0610,T,70
Saahdiq Charles,1200,G,34
Sai'vion Jones,1400,DE,84
Sal Cannella,1050,TE,80
Sal Wormley,2250,G,138
Sam Darnold,4600,QB,10
Sam Ehlinger,1400,QB,111
Sam Franklin Jr.,1400,SS,42
Sam Hartman,5110,QB,77
Sam Howell,3000,QB,38
Sam Kamara,1050,OLB,58
Sam Mustipher,2100,C,42
Sam Okuayinonu,4500,DE,12
Sam Roberts,0750,DE,84
Sam Webb,2520,CB,46
Sam Williams,1200,DE,13
Samaje Perine,0920,RB,12
Samori Toure,0810,WR,81
Samuel Jackson,3430,T,92
Samuel Womack,2200,CB,54
Sanoussi Kane,0325,SS,78
Sataoa Laumea,4600,T,97
Sauce Gardner,3430,CB,10
Scott Matlock,4400,FB,65
Scott Miller,3900,WR,33
Scotty Washington,0325,TE,70
Sean Clifford,1800,QB,41
Sean McKeon,2200,TE,31
Sean Rhyan,1800,G,67
Sean Tucker,4900,RB,49
Sebastian Castro,3900,DB,96
Sebastian Gutierrez,1050,T,47
Sebastian Joseph-Day,2100,DT,15
Sebastian Valdez,4500,DE,79
Segun Olubi,2200,MLB,98
Seth Coleman,4600,OLB,41
Seth Green,3300,TE,13
Seth Henigan,2250,QB,52
Seth McLaughlin,0920,C,25
Shaka Heyward,0920,ILB,68
Shakel Brown,4500,DT,33
Shane Buechele,0610,QB,81
Shane Lemieux,3300,G,85
Shane Watts,3200,RB,35
Shane Zylstra,1540,TE,66
Shaquan Loyal,0920,DB,63
Shaquill Griffin,4600,CB,24
Shaun Dolac,2510,LB,75
Shaun Jolly,2510,CB,110
Shawn Bowman,2250,TE,33
Shedeur Sanders,1050,QB,55
Shedrick Jackson,2520,WR,56
Shelby Harris,1050,DT,20
Sheldon Day,5110,DT,83
Sheldon Rankins,2120,DT,9
Shemar Bartholomew,0750,CB,73
Shemar James,1200,LB,120
Shemar Stewart,0920,DE,24
Shilo Sanders,4900,DB,72
ShunDerrick Powell,3700,RB,25
Shy Tuttle,0750,DT,42
Sidy Sow,3200,G,54
Silas Bolden,3000,WR,22
Simeon Barrow Jr.,0200,DT,49
Simi Fehoko,3800,WR,38
Sincere Haynesworth,3800,C,104
Sincere McCormick,2520,RB,29
Sione Vaki,1540,RB,18
SirVocea Dennis,4900,ILB,21
Siran Neal,4500,CB,60
Skylar Thompson,3900,QB,95
Skyy Moore,2310,WR,41
Skyy Moore,4500,WR,23
Smael Mondon Jr.,3700,LB,91
Solomon Byrd,2120,DE,74
Solomon DeShields,2200,LB,52
Spencer Anderson,3900,T,35
Spencer Burford,4500,G,85
Spencer Rattler,3300,QB,77
Stephen Carlson,0810,TE,67
Stephen Gosnell,0610,WR,28
Sterling Shepard,4900,WR,19
Stetson Bennett,2510,QB,128
Steven Gilmore,3800,CB,36
Steven Jones,3900,G,100
Steven Losoya,0750,G,60
Steven Stilianos,1540,TE,16
Stevo Klotz,4400,TE,86
Stone Blanton,4500,LB,36
Stone Forsythe,3410,T,127
Stone Smartt,3430,TE,49
Storm Duck,2700,CB,51
Sua Opeta,4900,G,22
Swayze Bozeman,0810,ILB,41
Sydney Brown,3700,SS,51
T.J. Edwards,0810,ILB,23
T.J. Hockenson,3000,TE,8
T.J. Luther,0750,WR,31
T.J. Maguranyanga,5110,DE,49
T.J. Sanders,0610,DT,56
T.J. Sheffield,2100,WR,27
T.J. Smith,2100,DT,1
T.J. Tampa,0325,CB,134
TJ Bass,1200,G,130
TJ Moore,3410,DB,93
Ta'Quon Graham,0200,DE,16
Tahj Brooks,0920,RB,57
Tahj Washington,2700,WR,52
Tai Felton,3000,WR,51
Taki Taimani,3000,NT,54
Talanoa Hufanga,1400,SS,20
Taliese Fuaga,3300,T,24
Tank Bigsby,2250,RB,24
Tanner Conner,2700,WR,51
Tanner Hudson,0920,TE,44
Tanner Ingle,2510,SS,104
Tanner McCalister,3430,FS,66
Tanner McKee,3700,QB,41
Tanner McLachlan,0920,TE,70
Tanner Mordecai,4500,QB,39
Tanner Taula,4900,TE,47
Tanoh Kpassagnon,0810,DE,42
Tanor Bortolini,2200,C,67
Tarheeb Still,4400,CB,17
Tarik Black,2700,WR,35
Tariq Castro-Fields,3700,CB,20
Taron Johnson,0610,CB,16
Tate Ratledge,1540,G,22
Tatum Bethune,4500,MLB,62
Taven Bryan,0920,DT,53
Tavierre Thomas,3000,CB,103
Tay Martin,5110,WR,53
Taylor Elgersma,1800,QB,65
Taylor Heinicke,4400,QB,43
Taylor Morin,3700,WR,36
Taylor Moton,0750,T,16
Te'Cory Couch,0610,CB,41
TeRah Edwards,4400,DT,79
Teair Tart,4400,DT,6
Ted Karras,0920,C,38
Tedarrell Slaton,0920,DT,20
Teddy Bridgewater,4900,QB,19
Teddye Buchanan,0325,LB,80
Tee Higgins,0920,WR,20
Tejhaun Palmer,3800,WR,86
Terell Smith,0810,CB,37
Terique Owens,4500,WR,29
Terrace Marshall Jr.,3700,WR,71
Terrance Ferguson,2510,TE,20
Terrell Burgess,3300,FS,30
Terrell Edmunds,2520,FS,48
Terrell Jennings,3200,RB,13
Tershawn Wharton,0750,DT,22
Tetairoa McMillan,0750,WR,34
Teven Jenkins,1050,T,77
Tez Johnson,4900,WR,63
Thayer Munford Jr.,2520,T,107
Thayer Thomas,3000,WR,54
Theo Benedet,0810,T,97
Theo Jackson,3000,FS,12
Theo Johnson,3410,TE,24
Theo Wease Jr.,2700,WR,64
Thomas Booker,2520,DT,38
Thomas Fidone II,3410,TE,87
Thomas Gordon,0810,TE,16
Thomas Graham Jr.,0325,CB,15
Thomas Harper,2520,FS,1
Thomas Incoom,0750,OLB,84
Thomas Odukoya,2100,TE,29
Thomas Yassmin,4400,TE,13
Tim Boyle,2100,QB,18
Tim Jones,3000,WR,49
Tim Settle,2120,DT,35
Tim Smith,2200,DT,75
Timmy Horne,2100,DT,99
Timothy McKay,5110,T,44
Tip Reiman,3800,TE,13
Titus Leo,1050,DE,32
Toa Taua,1050,RB,20
Tom Kennedy,1540,WR,97
Tommy Akingbesote,1200,DT,67
Tommy DeVito,3410,QB,52
Tommy Eichenberg,2520,MLB,59
Tommy Mellott,2520,WR,24
Tommy Togiai,2120,DT,55
Tomon Fox,3410,OLB,118
Tonka Hemingway,2520,DT,81
Tony Adams,3430,FS,25
Tony Brown,1050,CB,60
Tony Fields II,2510,OLB,89
Tony Jefferson,4400,SS,57
Tony Pollard,2100,RB,11
Torricelli Simpkins III,3300,G,138
Tory Horton,4600,WR,45
Trace Ford,3410,OLB,112
Traeshon Holden,1200,WR,66
Travis Bell,3000,DT,59
Travis Clayton,0610,T,20
Travis Etienne,2250,RB,19
Travis Homer,0810,RB,5
Travis Hunter,2250,WR,17
Travis Kelce,2310,TE,15
Travis Vokolek,3800,TE,53
Travon Walker,2250,DE,14
Trayveon Williams,1050,RB,35
Tre Avery,3200,CB,28
Tre Avery,4900,CB,35
Tre Brown,4500,CB,19
Tre Flowers,0810,CB,89
Tre Harris,4400,WR,79
Tre Herndon,0610,CB,74
Tre Herndon,2200,CB,19
Tre Stewart,3000,RB,52
Tre Swilling,0750,CB,60
Tre Tucker,2520,WR,26
Tre Watson,2310,TE,39
Tre' McKitty,2120,TE,9
Tre'Davious White,0610,CB,17
Tre'Mon Morris-Brash,4400,ILB,128
Tre'von Moehrig,0750,FS,24
TreVeyon Henderson,3200,RB,15
Tremaine Edmunds,0810,ILB,3
Tremayne Anchrum,2250,G,88
Tremon Smith,2120,CB,73
Trent McDuffie,2310,CB,26
Trent Scott,5110,T,97
Trent Sherfield,1400,WR,41
Trenton Irwin,2250,WR,72
Trenton Simpson,0325,ILB,67
Treven Ma'ae,2520,DE,47
Trevian Thomas,0750,DB,35
Trevin Wallace,0750,ILB,22
Trevis Gipson,4500,OLB,58
Trevor Etienne,0750,RB,40
Trevor Keegan,3700,G,113
Trevor Lawrence,2250,QB,28
Trevor Nowaske,1540,ILB,117
Trevor Penning,3300,T,17
Trevor Siemian,2100,QB,32
Trey Amos,5110,DB,26
Trey Benson,3800,RB,16
Trey Hill,1800,C,70
Trey Lance,4400,QB,121
Trey McBride,3800,TE,8
Trey Palmer,4900,WR,27
Trey Pipkins,4400,T,18
Trey Sermon,3900,RB,34
Trey Smith,2310,G,40
Trey Taylor,2520,SS,69
Trey Washington,2200,DB,98
Trey Wedig,2510,T,88
Treyton Welch,3300,TE,43
Trikweze Bridges,4400,DB,180
Trishton Jackson,3800,WR,5
Tristin McCollum,3700,FS,97
Troy Dye,4400,ILB,39
Troy Fautanu,3900,T,35
Troy Franklin,1400,WR,67
Troy Pride,1200,CB,126
Tru Edwards,2510,WR,76
Truman Jones,3200,DE,94
Trystan Colon,1540,C,37
Tua Tagovailoa,2700,QB,28
Tucker Fisk,4400,TE,75
Tucker Kraft,1800,TE,15
Tuli Tuipulotu,4400,OLB,6
Ty Chandler,3000,RB,22
Ty Hamilton,2510,DT,46
Ty Johnson,0610,RB,8
Ty Okada,4600,SS,126
Ty Robinson,3700,DT,102
Ty'Ron Hopper,1800,ILB,85
Tycen Anderson,0920,SS,57
Tyjae Spears,2100,RB,6
Tykee Smith,4900,SS,7
Tylan Wallace,0325,WR,15
Tyleik Williams,1540,DT,14
Tyler Badie,1400,RB,47
Tyler Baron,3430,DE,65
Tyler Batty,3000,DE,47
Tyler Biadasz,5110,C,7
Tyler Booker,1200,G,26
Tyler Conklin,4400,TE,6
Tyler Cooper,1800,G,62
Tyler Goodson,2200,RB,18
Tyler Hall,4600,CB,77
Tyler Huntley,1050,QB,52
Tyler Johnson,3430,WR,25
Tyler Kahmann,2200,WR,32
Tyler Lacy,2250,DT,37
Tyler Lockett,2100,WR,17
Tyler Mabry,0750,TE,2
Tyler McLellan,4900,T,100
Tyler Neville,1200,TE,40
Tyler Nubin,3410,SS,8
Tyler Owens,5110,SS,51
Tyler Scott,0810,WR,94
Tyler Shough,3300,QB,73
Tyler Steen,3700,G,9
Tyler Warren,2200,TE,30
Tyquan Lewis,2200,DE,15
Tyquan Thornton,2310,WR,28
Tyre Phillips,5110,T,95
Tyree Wilson,2520,OLB,67
Tyreem Powell,3300,LB,18
Tyrek Funderburk,4900,CB,18
Tyreke Smith,4600,OLB,53
Tyrel Dodson,2700,MLB,8
Tyrell Shavers,0610,WR,61
Tyrese Robinson,3200,G,44
Tyrion Davis-Price,1800,RB,16
Tyrion Ingram-Dawkins,3000,DE,82
Tyrique Stevenson,0810,CB,38
Tyron Herring,1800,DB,51
Tyrone Broden,4600,WR,65
Tyrone Tracy Jr.,3410,RB,17
Tyrone Wheatley Jr.,0200,T,2
Tyrus Wheat,1200,DE,133
Tysheem Johnson,0810,DB,29
Tyson Bagent,0810,QB,117
Tyson Campbell,2250,CB,9
Tyson Russell,1540,DB,114
Ugo Amadi,3300,FS,88
Ulysses Bentley IV,2200,RB,71
Van Jefferson,2100,WR,40
Vederian Lowe,3200,T,61
Velus Jones Jr.,3300,RB,37
Ventrell Miller,2250,ILB,35
Vernon Broughton,3300,DE,97
Vershon Lee,3000,G,125
Vi Jones,3800,ILB,74
Viliami Fehoko Jr.,5110,DE,13
Vita Vea,4900,NT,7
Walker Little,2250,T,28
Walter Rouse,3000,T,54
Wan'Dale Robinson,3410,WR,15
Wande Owens,0610,DB,44
Wanya Morris,2310,T,63
Warren Brinson,1800,DT,96
Warren McClendon Jr.,2510,T,25
Warren Peeples,4900,DE,43
Wesley French,2200,C,98
Will Anderson Jr.,2120,DE,9
Will Bradley-King,4500,DE,35
Will Brooks,4900,DB,41
Will Campbell,3200,T,28
Will Clapp,3300,C,2
Will Dissly,4400,TE,7
Will Fries,3000,G,12
Will Grier,1200,QB,30
Will Harris,5110,FS,11
Will Johnson,3800,DB,46
Will Mallory,2200,TE,64
Will McDonald IV,3430,OLB,8
Will Putnam,2520,C,78
Will Sheppard,1800,WR,51
Will Sherman,1400,G,114
Will Shipley,3700,RB,14
William Kwenkeu,0325,ILB,9
Willie Gay Jr.,2700,ILB,50
Willie Lampkin,2510,C,47
Winston Reid,1050,ILB,21
Woody Marks,2120,RB,52
Wy'Kevious Thomas,4600,NT,70
Wyatt Bowles,2510,G,160
Wyatt Milum,2250,G,40
Wyatt Teller,1050,G,16
Xander Mueller,2310,LB,10
Xavier Carlton,0810,LB,45
Xavier Guillory,0325,WR,48
Xavier Hutchinson,2120,WR,42
Xavier Johnson,2120,WR,27
Xavier Legette,0750,WR,14
Xavier Newman-Johnson,3430,G,74
Xavier Restrepo,2100,WR,41
Xavier Smith,2510,WR,52
Xavier Thomas,3800,OLB,113
Xavier Truss,1400,G,58
Xavier Watts,0200,DB,49
Xavier Weaver,3800,WR,80
Xavier Woods,2100,FS,33
Xavier Worthy,2310,WR,25
Xazavian Valladay,3000,RB,26
Yahya Black,3900,DE,49
Yasir Abdullah,2250,OLB,43
Yaya Diaby,4900,OLB,7
Yosh Nijman,0750,T,74
Zacch Pickens,0810,DT,92
Zach Allen,1400,DE,14
Zach Charbonnet,4600,RB,10
Zach Cunningham,1540,ILB,63
Zach Davidson,0610,TE,52
Zach Frazier,3900,C,35
Zach Harrison,0200,DE,51
Zach Horton,1540,TE,99
Zach Pascal,3410,WR,53
Zach Sieler,2700,DE,8
Zach Thomas,2120,T,97
Zach Tom,1800,T,26
Zach Wilson,2700,QB,68
Zachary Carter,2520,DT,44
Zack Bailey,3000,G,27
Zack Johnson,1540,G,40
Zack Kuntz,3430,TE,63
Zaire Barnes,3430,ILB,76
Zaire Mitchell-Paden,0325,TE,96
Zak Zinter,1050,G,73
Zamir White,2520,RB,28
Zaven Collins,3800,OLB,10
Zavier Scott,3000,RB,64
Zay Jones,3800,WR,9
Zayne Anderson,1800,FS,4
Zech McPhearson,2250,CB,20
Zeek Biggers,2700,DT,72
Zeke Correll,3000,C,9
Zemaiah Vaughn,3000,DB,102
Zion Childress,1200,DB,79
Zion Johnson,4400,G,28
Zion Logue,0610,DE,67
Zy Alexander,0610,DB,22
Zyon McCollum,4900,CB,7
